"171117","310.00","369.00","307.00","344.60","55252882291.15","168836552","1177530"
"201117","344.70","358.90","344.00","355.35","5174105816.05","14650240","166263"
"211117","356.40","418.90","352.50","385.30","16767860013.15","43078194","450090"
"221117","388.00","408.00","386.90","395.20","6051230988.95","15227642","166870"
"231117","390.00","392.00","371.10","374.85","4673873203.85","12300150","124472"
"241117","376.05","383.00","366.10","370.70","3550287611.25","9463228","108401"
"271117","371.00","384.50","371.00","380.35","1450072194.35","3832223","48311"
"281117","383.00","386.40","378.10","382.20","920616004.80","2409447","30276"
"291117","382.40","384.70","376.10","377.80","629660234.95","1657909","25728"
"301117","379.80","379.80","370.80","371.50","948956761.20","2536960","62894"
"011217","373.70","379.55","368.00","372.75","711693593.40","1904781","22921"
"041217","374.05","374.90","362.00","362.80","485382089.55","1323453","28659"
"051217","361.00","365.90","357.15","362.35","650794568.25","1806017","52225"
"061217","360.90","371.70","358.55","368.35","1225231057.15","3331373","39389"
"071217","370.05","389.90","370.05","388.30","1283708042.30","3350792","80471"
"081217","390.00","395.80","385.60","389.30","976588804.25","2494845","55819"
"111217","387.00","392.25","379.05","380.80","395103106.40","1029719","35361"
"121217","380.90","387.00","377.05","383.80","980755803.45","2564559","36776"
"131217","386.45","389.25","378.50","380.80","287351033.10","747787","35094"
"141217","382.85","386.00","377.00","384.30","481465100.75","1261422","44933"
"151217","388.00","390.75","380.10","381.40","652933237.60","1698848","39091"
"181217","380.00","383.30","372.25","377.45","530542119.45","1399027","52824"
"191217","378.00","380.95","372.25","374.90","617284064.30","1641589","48442"
"201217","377.45","377.70","371.50","375.15","841525002.15","2251770","60263"
"211217","379.25","381.80","375.00","376.05","547620074.40","1448962","48722"
"221217","376.25","380.40","374.20","374.55","292304999.35","775946","14266"
"261217","376.00","378.60","373.40","376.55","491712543.80","1310649","17828"
"271217","375.10","377.95","373.80","374.85","221207994.80","589597","21044"
"281217","375.00","380.00","372.40","377.95","343453021.80","912189","27492"
"291217","379.00","390.80","375.65","386.00","620795091.10","1611972","24515"
"010118","388.50","399.80","386.55","389.65","570074962.00","1445743","17963"
"030118","398.00","398.30","384.10","385.65","885023978.65","2275082","63757"
"040118","390.00","401.95","387.25","399.00","1180740395.55","2974278","52148"
"050118","401.00","412.00","398.00","407.00","1441022971.85","3554479","63560"
"080118","410.00","428.30","409.55","422.10","1608611444.50","3806105","79939"
"090118","424.00","447.65","422.65","435.50","2680918463.55","6183645","74643"
"100118","438.00","441.90","427.00","429.25","1027222984.50","2374166","29949"
"110118","424.00","449.80","424.00","446.70","1151387661.30","2605294","48528"
"120118","449.75","458.70","444.30","455.95","2431377069.95","5364763","49979"
"150118","460.00","488.00","457.00","474.85","2692187563.30","5635852","106989"
"160118","479.90","494.30","471.25","482.65","4031228256.45","8288750","103715"
"170118","485.40","488.20","470.00","478.40","2733086857.95","5691140","66287"
"180118","483.20","489.80","478.00","485.05","858145845.85","1772870","46099"
"190118","489.25","491.35","477.00","481.50","1685332850.40","3488403","44364"
"220118","481.50","488.85","469.00","470.20","1815080736.85","3825798","74770"
"230118","474.25","474.25","454.50","458.55","1642148649.10","3561221","70282"
"240118","457.50","460.00","448.00","455.25","940999305.90","2072037","27874"
"250118","455.00","460.00","447.00","448.50","539779093.55","1194340","52499"
"290118","447.00","452.60","444.40","445.35","498542451.65","1113037","39014"
"300118","444.00","448.10","417.00","421.85","1561618690.80","3583717","35221"
"310118","418.40","432.90","395.30","427.00","6018021893.00","14738305","128610"
"010218","429.95","452.00","423.00","448.25","2192819867.45","4965461","74815"
"020218","441.00","455.00","430.00","442.40","2356224833.25","5311751","51976"
"050218","428.20","444.00","422.35","441.70","998306799.10","2268830","29349"
"060218","418.00","440.70","417.05","438.80","824073683.35","1893871","31660"
"070218","443.00","449.30","431.00","433.45","459850520.30","1048027","25484"
"080218","434.90","444.75","434.85","441.50","409820848.70","927897","17505"
"090218","430.30","446.00","430.30","439.55","445264397.70","1008995","15768"
"120218","442.00","451.00","435.05","441.75","864706525.45","1944360","30647"
"140218","441.80","442.90","431.00","431.90","943040897.70","2159701","20632"
"150218","433.00","437.00","428.00","432.00","219326712.65","506167","14126"
"160218","434.15","435.30","426.60","431.45","225350735.05","522734","11705"
"190218","432.00","439.40","426.80","435.90","300373783.95","693977","18524"
"200218","439.50","442.00","432.60","434.50","341827205.75","781850","21166"
"210218","438.90","450.50","436.15","449.60","584844385.10","1312613","33689"
"220218","447.20","454.50","443.90","450.80","347401255.20","772690","16974"
"230218","452.10","471.70","452.05","468.85","861226273.80","1849448","39164"
"260218","472.80","472.80","461.35","468.30","430646901.10","920977","42911"
"270218","467.90","477.80","460.00","469.00","645323676.95","1378658","31705"
"280218","467.50","468.00","460.00","461.20","630372253.55","1358563","55098"
"010318","461.90","464.35","450.10","450.95","503561738.35","1102928","27290"
"050318","450.00","456.15","448.10","452.90","565911932.60","1249630","31735"
"060318","457.00","457.40","445.10","447.35","716545352.65","1595634","23577"
"070318","446.45","447.55","435.00","437.55","1283678407.60","2900233","36013"
"080318","441.00","442.00","427.70","430.55","843862778.85","1951335","41500"
"090318","434.75","434.95","423.00","425.55","640575637.65","1494497","31649"
"120318","429.95","433.35","425.50","430.40","380038273.75","884484","30671"
"130318","431.95","445.50","429.80","441.95","614458887.50","1396863","23754"
"140318","441.95","447.90","440.00","445.25","388408265.40","872703","18533"
"150318","445.00","451.00","443.60","448.60","293925420.25","656358","13037"
"160318","450.95","450.95","436.10","443.30","244262119.40","553113","24765"
"190318","440.00","442.70","425.00","425.90","299407183.90","697119","34058"
"200318","424.95","428.65","419.65","422.85","754933006.75","1782357","48135"
"210318","426.70","438.00","419.25","422.50","574968160.60","1341420","33319"
"220318","426.80","429.75","424.20","427.50","541646448.95","1267475","53508"
"230318","420.00","431.00","416.10","429.15","401325611.10","939860","31176"
"260318","429.00","439.00","427.25","437.55","293621891.25","675696","18244"
"270318","440.05","449.40","440.05","448.65","550661374.20","1231929","43460"
"280318","442.50","460.00","442.50","454.45","555108220.75","1217753","21494"
"020418","456.60","487.00","456.60","482.65","1003583017.30","2112175","46200"
"030418","484.80","508.30","482.20","493.60","1561489300.25","3149584","77984"
"040418","495.00","504.00","488.90","495.85","839186819.65","1687239","38547"
"050418","501.80","505.85","487.05","497.95","850348011.65","1710038","41288"
"060418","497.80","504.40","494.00","496.35","752702528.45","1505952","45408"
"090418","496.45","510.90","490.00","492.00","1355022648.95","2704392","40459"
"100418","494.95","505.90","492.10","503.55","719560790.60","1439138","37628"
"110418","501.50","507.70","495.00","499.75","1279415600.80","2556799","25758"
"120418","500.00","501.50","497.40","499.60","435308206.70","870497","34313"
"130418","500.25","501.55","497.60","499.80","495163640.40","990964","34245"
"160418","495.70","500.30","492.75","494.75","416665387.80","839503","21717"
"170418","497.50","500.30","486.00","491.30","652104554.95","1325820","37304"
"180418","496.00","500.25","488.00","493.15","516522065.85","1042991","24179"
"190418","501.00","511.00","497.10","503.50","2155619382.75","4279631","105835"
"200418","502.80","503.25","494.00","495.65","836659250.15","1683866","72026"
"230418","496.40","496.85","489.00","493.60","666610298.80","1348271","24581"
"240418","495.80","503.00","489.10","499.55","1080471672.10","2176962","55468"
"250418","499.00","514.90","495.00","510.60","1889220438.70","3740225","67122"
"260418","512.95","536.80","512.95","533.05","2338118770.90","4445968","100663"
"270418","537.90","546.85","517.00","519.15","1556735689.65","2924033","66645"
"300418","520.00","525.75","514.30","518.05","1032031436.45","1988145","55034"
"020518","520.75","525.30","508.10","509.95","760489913.55","1474785","37016"
"030518","510.55","510.90","493.00","496.00","959590763.80","1926354","51588"
"040518","490.10","504.90","490.10","500.35","637205757.20","1276630","52972"
"070518","502.55","504.80","497.20","499.90","742405309.25","1484565","47288"
"080518","503.30","513.95","499.00","509.95","731298315.85","1444181","32289"
"090518","511.90","518.00","511.00","514.75","824072631.10","1600419","35243"
"100518","517.00","520.90","509.50","517.65","746997296.20","1447761","44528"
"110518","517.65","524.95","516.10","523.30","617972377.85","1183632","26316"
"140518","526.00","548.25","524.85","540.00","1534421092.40","2848754","62035"
"150518","522.00","525.55","495.00","506.50","3847633815.50","7490877","151044"
"160518","502.25","509.50","495.20","497.55","1130416194.10","2261791","62332"
"170518","498.20","503.25","492.20","494.30","665697556.65","1338372","70875"
"180518","497.60","497.80","485.10","493.95","568835620.45","1158565","45907"
"210518","493.95","501.50","487.25","489.65","657720500.50","1332552","43161"
"220518","491.95","496.70","480.00","481.60","714766133.55","1469055","43852"
"230518","483.00","485.40","475.10","476.35","604418082.15","1261911","43923"
"240518","478.80","484.20","470.00","475.05","932170649.65","1958399","54489"
"250518","478.70","487.50","473.55","481.50","768088003.05","1596757","55182"
"280518","485.65","493.35","483.05","491.25","965426605.70","1975352","46746"
"290518","491.40","497.70","489.55","494.25","472658383.00","957169","32193"
"300518","492.00","505.00","484.60","501.20","732872778.80","1480953","52812"
"310518","506.45","508.80","486.40","491.15","707937913.75","1419549","39584"
"010618","491.65","492.85","485.05","488.85","518825738.25","1060120","36257"
"040618","490.75","491.80","472.50","473.85","550998879.60","1150250","41887"
"050618","467.25","479.00","462.20","464.35","574760914.60","1227934","41650"
"060618","465.50","471.55","461.00","467.20","477638377.10","1023144","31548"
"070618","471.00","475.70","468.00","470.55","637005095.45","1350574","47624"
"080618","470.55","476.00","466.10","472.15","1040016868.70","2205834","48960"
"110618","475.70","488.00","474.65","485.85","1165744189.25","2410561","86462"
"120618","488.00","507.60","486.20","503.20","1391096172.85","2776666","70745"
"130618","504.00","505.00","490.25","491.25","497116743.75","1003539","43249"
"140618","491.00","491.00","479.00","481.50","487199930.40","1006376","48952"
"150618","482.90","487.00","465.45","469.75","6400145012.45","13594222","142619"
"180618","469.95","485.00","469.90","479.20","720795066.10","1504101","39323"
"190618","476.30","483.20","471.30","474.75","433991665.15","911179","39856"
"200618","477.00","478.55","471.20","473.40","269533490.60","568306","24022"
"210618","475.00","476.00","468.00","472.40","311853297.65","660819","24326"
"220618","473.80","473.80","469.10","471.40","248381918.50","527118","12555"
"250618","471.50","475.90","466.10","467.20","253497783.35","539959","12623"
"260618","465.05","470.60","456.00","467.80","578518587.25","1248575","27091"
"270618","468.50","470.80","461.50","468.70","277302285.20","593999","12235"
"280618","467.95","467.95","458.00","460.75","215690489.90","466930","9901"
"290618","462.05","465.00","454.00","456.15","460096591.70","1002424","19945"
"020718","457.75","464.50","450.60","458.35","366510743.55","803747","20166"
"030718","458.00","464.50","453.25","459.30","190929431.35","415286","12503"
"040718","460.00","464.45","456.10","460.00","221451506.70","481896","13049"
"050718","460.45","469.80","457.80","461.75","258098896.00","555727","11674"
"060718","462.00","471.95","460.10","468.70","309701761.80","663491","18585"
"090718","473.00","479.90","471.35","474.60","338926385.45","712689","20076"
"100718","477.95","482.00","473.20","475.70","324801675.10","679839","23425"
"110718","475.10","476.70","468.00","468.90","189446163.05","401838","12869"
"120718","471.55","483.00","471.30","479.10","455424777.45","953274","28669"
"130718","481.00","482.70","470.00","471.55","269470621.60","569549","19893"
"160718","471.80","472.50","457.50","459.85","372075298.55","801423","26246"
"170718","460.00","470.65","455.55","464.50","613313511.50","1332222","28997"
"180718","468.00","478.00","466.00","473.90","601911372.30","1274708","33001"
"190718","471.95","474.45","468.20","471.00","274094306.00","581747","20527"
"200718","471.80","493.70","468.30","489.60","1756276222.20","3641559","68367"
"230718","497.00","498.00","478.55","482.95","668236578.20","1379264","58018"
"240718","484.05","488.00","470.05","480.15","541223002.85","1128826","24211"
"250718","480.00","495.75","478.45","494.35","785899909.35","1598485","31431"
"260718","494.00","495.90","486.00","489.40","274372016.85","559055","16073"
"270718","490.00","510.80","490.00","508.40","1076039311.20","2140712","50031"
"300718","507.00","507.40","492.65","495.20","519361397.65","1042844","21432"
"310718","493.00","504.90","488.00","502.70","446295993.45","896975","22193"
"010818","500.30","502.60","494.00","495.75","221039036.60","444268","13300"
"020818","495.65","504.25","490.55","493.10","274025613.75","551346","17674"
"030818","495.40","504.75","483.20","486.40","616320572.65","1248163","22374"
"060818","489.50","491.00","481.50","485.40","601443771.95","1237540","23148"
"070818","485.85","486.95","476.00","478.10","320631973.10","666377","21414"
"080818","478.10","479.75","465.55","468.00","724242942.35","1535027","36450"
"090818","471.00","474.70","463.25","465.95","673673197.30","1444553","27558"
"100818","466.90","468.00","459.05","464.90","1005357375.60","2171685","26133"
"130818","465.00","468.70","460.65","464.10","514035173.50","1107202","28589"
"140818","464.10","471.00","464.00","468.10","449878728.20","959947","23399"
"160818","468.00","468.80","459.95","461.20","237768851.05","512635","14721"
"170818","463.40","465.70","459.50","461.30","468163237.35","1013707","35566"
"200818","463.85","468.00","461.15","462.45","337077630.70","726254","25688"
"210818","463.45","464.95","461.55","462.30","353058319.30","762167","15597"
"230818","464.70","474.70","462.30","467.20","696948069.40","1485668","29864"
"240818","467.00","472.50","460.60","462.15","330076799.85","709420","24911"
"270818","463.00","466.00","460.00","460.80","331655620.30","717597","17962"
"280818","461.95","463.80","460.25","461.45","309743362.40","670395","11742"
"290818","463.35","469.90","460.40","466.25","562625285.70","1210750","17667"
"300818","469.95","475.50","465.00","466.65","512489244.85","1091878","35887"
"310818","465.00","467.80","461.10","461.75","237858296.90","513771","13795"
"030918","462.10","465.75","459.00","460.15","224046573.90","484678","16490"
"040918","461.95","461.95","452.00","452.90","252497620.45","554039","15048"
"050918","450.40","462.05","441.50","455.40","427424061.50","951095","26600"
"060918","460.00","460.00","450.80","453.80","201464741.05","442815","23505"
"070918","454.00","455.00","447.25","451.35","320031660.80","710881","12694"
"100918","449.00","457.00","443.75","450.10","425959664.50","947697","32380"
"110918","454.80","455.75","443.25","445.95","281891076.45","625164","22422"
"120918","447.80","447.80","429.10","436.60","602792969.20","1384238","51653"
"140918","437.05","438.45","422.10","425.55","798129041.45","1870621","116322"
"170918","425.00","425.30","409.25","412.95","1139834093.20","2753776","111264"
"180918","414.30","418.10","409.00","410.65","529350325.10","1284003","82899"
"190918","412.00","415.00","398.85","400.10","506998409.30","1252296","50681"
"210918","400.00","400.00","372.50","388.25","1138565913.00","2926366","91883"
"240918","390.00","390.85","368.00","369.10","1265321409.30","3357152","100240"
"250918","368.85","396.80","363.00","390.00","991767503.80","2579384","50142"
"260918","395.00","406.05","391.00","403.60","978773851.05","2432342","53496"
"270918","405.75","413.00","398.00","404.05","553936230.45","1375955","26071"
"280918","413.95","414.00","390.10","391.60","373840940.45","937746","39231"
"011018","393.60","394.20","379.00","388.35","599983607.05","1561320","54566"
"031018","386.40","392.00","378.10","379.65","382134999.35","994487","48723"
"041018","375.80","380.00","365.45","372.30","469416652.85","1262589","35091"
"051018","370.00","377.00","365.10","366.90","242002971.90","652992","24099"
"081018","367.50","372.80","363.00","369.15","346222523.65","937703","34177"
"091018","371.50","374.65","357.00","361.35","382140099.55","1037612","23174"
"101018","363.10","373.50","361.05","369.75","443407433.05","1199754","44983"
"111018","358.00","374.00","355.00","365.75","454117475.75","1236817","29418"
"121018","369.00","379.70","368.50","373.25","378857739.05","1014252","30378"
"151018","377.00","377.75","366.90","368.85","296303669.20","799151","25089"
"161018","371.25","384.95","369.00","376.25","590442660.50","1559187","26862"
"171018","380.75","382.35","369.00","371.40","314680218.40","837452","21117"
"191018","369.00","375.00","366.25","369.70","263430481.45","711888","34738"
"221018","374.00","374.00","364.60","365.70","185880638.35","503122","13293"
"231018","365.00","369.80","359.00","359.95","303587083.90","838685","18874"
"241018","369.00","369.00","360.50","364.75","807207395.35","2217572","41552"
"251018","362.80","363.75","358.00","359.85","189951825.10","527295","17903"
"261018","359.95","363.50","355.05","359.80","642886073.60","1787348","19833"
"291018","362.95","378.70","359.10","366.20","651898754.05","1755867","25029"
"301018","367.00","371.95","366.40","369.80","167095539.30","451965","13103"
"311018","370.65","374.80","365.10","372.30","143175465.25","386859","11917"
"011118","377.50","384.40","371.05","372.50","403894403.65","1073936","21819"
"021118","374.70","387.90","371.75","386.60","970023228.90","2557300","29830"
"051118","387.90","405.45","381.30","399.15","810673379.60","2065266","23539"
"061118","400.00","408.00","392.35","397.65","493058128.65","1231518","30285"
"071118","400.00","406.00","397.35","403.60","112788878.15","279874","5768"
"091118","402.00","405.95","397.00","401.35","431804194.10","1078490","28204"
"121118","402.40","402.45","395.10","397.75","311198880.70","783559","11161"
"131118","396.95","400.90","392.00","398.55","252684581.70","637189","25347"
"141118","400.95","407.30","397.05","401.45","536494221.70","1334156","41331"
"151118","402.70","402.70","395.15","397.80","227050727.25","570933","19487"
"161118","397.00","399.60","391.70","393.40","372053349.05","941682","27206"
"191118","392.00","392.95","380.25","384.00","628812665.35","1640501","67720"
"201118","382.00","388.70","380.05","387.05","493601863.60","1285180","23683"
"211118","387.00","393.80","382.25","390.20","596271790.20","1527245","47341"
"221118","391.35","395.00","386.10","393.30","401822418.65","1025212","25292"
"261118","396.00","397.00","388.70","396.15","696697670.50","1765005","27368"
"271118","395.95","396.80","390.00","392.95","195745000.85","496422","13409"
"281118","393.95","396.00","390.95","394.75","625669742.10","1584598","16598"
"291118","395.10","396.65","392.00","392.70","222870828.35","566084","7100"
"301118","393.30","400.00","392.55","396.70","240887811.50","606060","18677"
"031218","396.95","400.15","392.80","398.65","329240130.95","828428","50799"
"041218","397.10","400.00","392.55","398.70","305618566.10","770066","31370"
"051218","394.00","398.65","392.50","396.60","526548135.80","1331974","14862"
"061218","394.65","400.45","391.10","396.45","277134257.05","697313","22569"
"071218","396.00","399.00","391.00","392.55","255116278.10","643910","30752"
"101218","388.00","388.75","383.45","385.30","230229327.05","596400","9581"
"111218","380.00","388.95","379.95","384.75","165301720.45","429483","19904"
"121218","384.80","396.65","384.80","393.30","262369553.45","667544","17910"
"131218","395.00","396.70","386.00","387.20","257116357.15","654908","19909"
"141218","389.00","395.00","386.30","394.10","221324839.40","564640","14419"
"171218","396.55","396.55","390.55","393.20","113504078.75","288405","7242"
"181218","392.05","394.40","390.55","392.50","284751422.15","726131","22857"
"191218","394.40","394.40","387.00","387.55","249891513.55","641305","17095"
"201218","386.80","390.55","385.70","387.20","335251736.35","862497","24268"
"211218","388.00","388.00","381.20","385.20","439050685.40","1139523","22353"
"241218","385.00","387.70","383.25","385.10","439442470.60","1142259","33609"
"261218","383.00","386.05","379.55","384.80","489078119.70","1277067","51676"
"271218","386.70","394.50","385.60","390.60","337618076.70","862693","32258"
"281218","391.40","393.40","384.50","387.35","363949974.85","935219","28289"
"311218","388.00","389.40","385.60","387.15","147308523.60","380439","8770"
"010119","387.80","388.90","385.10","386.40","94427858.50","244225","4739"
"020119","385.95","392.50","385.10","391.15","156453479.70","401487","14593"
"030119","392.65","395.50","389.50","391.30","153983720.65","391423","8815"
"040119","392.00","394.95","387.75","393.50","189618264.05","484014","6734"
"070119","394.50","395.40","390.10","393.05","136200097.05","346567","11350"
"080119","392.90","396.00","389.20","394.70","153723374.55","391569","11024"
"090119","392.70","398.45","391.50","396.00","322651416.25","815426","17956"
"100119","396.65","409.35","395.05","406.70","620560440.65","1539299","28287"
"110119","408.60","409.40","404.00","406.60","262561103.95","644793","16499"
"140119","405.05","405.05","390.25","392.05","384142472.00","976187","61297"
"150119","392.10","393.70","385.10","387.50","260266598.80","668054","35657"
"160119","386.40","389.90","385.45","387.50","372983954.15","962874","12571"
"170119","387.50","392.50","384.10","390.85","375328693.40","962821","21316"
"180119","391.00","392.45","383.00","383.70","168063463.35","435544","10667"
"210119","383.90","386.20","382.00","383.85","345943302.25","900424","10668"
"220119","384.90","389.50","381.10","383.85","527032320.65","1365759","21215"
"230119","385.00","389.50","371.25","373.35","510958837.55","1355788","29188"
"240119","371.20","374.40","360.10","361.20","448712966.15","1229942","39145"
"250119","363.95","368.75","357.00","359.40","491050752.90","1351651","30670"
"280119","361.00","369.50","344.40","367.30","498430953.95","1405014","62280"
"290119","366.45","366.50","357.70","360.30","285836078.80","793151","26129"
"300119","362.30","372.00","358.00","370.40","344770447.45","943004","21414"
"310119","373.00","374.50","363.00","371.60","331001042.60","892055","13028"
"010219","372.85","377.15","368.00","375.45","319401028.45","854153","24720"
"040219","372.55","377.95","370.60","376.20","215133551.65","572950","23794"
"050219","375.00","377.30","370.60","376.25","145366690.70","387625","13016"
"060219","376.25","377.00","367.70","369.60","181980431.95","489165","23422"
"070219","370.00","372.00","367.10","368.40","360974430.45","974999","25281"
"080219","368.30","372.80","363.55","365.05","113405428.95","308347","8079"
"110219","365.80","366.35","351.25","356.60","247253925.05","693813","55883"
"120219","355.30","360.30","351.35","353.35","175925877.25","495884","17770"
"130219","355.50","361.00","354.60","359.25","123978795.55","345410","17156"
"140219","358.00","361.70","353.55","359.50","329352993.75","922903","29695"
"150219","356.00","361.95","354.00","358.50","230123526.05","645076","8344"
"180219","359.45","362.80","349.00","350.60","153138633.35","433200","9508"
"190219","351.70","354.00","346.05","346.80","121043100.35","345475","8898"
"200219","348.60","349.75","345.75","346.30","166757188.15","480124","16387"
"210219","347.40","357.70","346.25","356.85","193388245.75","546373","20387"
"220219","358.35","364.00","356.15","362.50","176476744.20","487266","11447"
"250219","362.95","364.90","354.00","354.60","170915363.50","480503","19313"
"260219","351.00","355.75","346.35","353.70","217312994.40","619615","14730"
"270219","355.30","357.50","348.05","350.05","151565345.00","429691","10299"
"280219","351.85","356.25","348.15","352.25","415448521.00","1177853","15823"
"010319","351.80","364.00","351.80","362.95","419361040.30","1162447","17742"
"050319","360.10","379.00","360.10","376.30","491783877.05","1316987","22767"
"060319","379.80","391.90","376.05","390.05","556289128.50","1444943","43355"
"070319","390.60","394.00","384.30","391.10","355538467.95","912620","23586"
"080319","389.10","393.90","385.00","391.70","159745768.05","408930","10484"
"110319","391.00","392.00","385.30","390.50","510383169.70","1312055","15911"
"120319","367.55","376.85","367.55","371.55","6192818685.20","16596749","119293"
"130319","367.50","370.85","365.30","366.15","7791556190.85","21171413","120712"
"140319","369.50","369.50","366.05","366.60","1970250750.30","5356136","48493"
"150319","367.00","372.25","366.25","370.10","2944367153.75","7977181","43923"
"180319","372.00","374.30","366.15","367.45","1029034043.35","2776286","43678"
"190319","368.00","368.85","362.50","364.15","1099136056.00","3010431","35547"
"200319","364.00","366.60","362.30","363.95","441072841.25","1211115","28423"
"220319","364.30","367.45","361.55","363.05","600005830.95","1646283","41457"
"250319","360.90","362.50","355.40","359.25","763158788.95","2130928","59382"
"260319","362.20","370.25","361.05","369.55","1491301664.95","4061590","52899"
"270319","370.05","375.75","370.05","371.70","1445481997.45","3879051","54374"
"280319","371.95","373.20","368.10","371.55","645499127.50","1740501","31401"
"290319","372.75","384.25","369.30","378.50","1825210065.90","4830957","60754"
"010419","378.20","387.50","377.15","383.85","1056639596.85","2756796","35724"
"020419","384.45","384.50","379.10","380.25","450553922.75","1180504","17461"
"030419","380.60","391.85","379.15","384.65","1325615797.60","3425894","56452"
"040419","385.15","385.95","377.50","378.30","464216847.60","1219612","36757"
"050419","380.00","388.45","380.00","386.20","646722155.05","1680426","47402"
"080419","387.90","390.00","381.65","385.40","684127899.40","1769899","42630"
"090419","386.00","386.35","378.60","381.75","583638149.55","1529577","49945"
"100419","381.75","384.80","375.70","377.05","746747527.30","1968507","45239"
"110419","378.65","397.45","373.60","394.10","2159180952.15","5562186","88140"
"120419","396.05","407.00","395.20","405.35","1823284635.25","4538289","86325"
"150419","407.40","408.00","400.40","405.45","730529656.80","1802086","38484"
"160419","407.10","412.65","403.75","408.55","888667574.65","2172703","64947"
"180419","409.35","413.70","395.90","406.35","930549008.85","2288968","92738"
"220419","405.00","406.90","396.10","397.25","335227893.25","836332","14442"
"230419","399.10","403.00","396.85","397.80","441254226.35","1102870","40659"
"240419","397.60","400.90","397.30","400.00","415102084.65","1039080","37759"
"250419","400.80","402.00","396.40","399.10","370015883.00","926294","33522"
"260419","399.10","405.80","393.20","399.65","1227184128.90","3066741","60065"
"300419","400.00","406.40","395.00","404.55","1102969450.60","2753067","93437"
"020519","405.45","418.00","405.10","417.20","1445327477.30","3487135","73624"
"030519","402.00","419.80","401.10","414.25","4167304326.30","10118251","90476"
"060519","411.60","413.00","408.00","411.10","2086206869.40","5075321","57416"
"070519","412.00","412.80","406.05","409.25","1060265328.45","2589598","39502"
"080519","407.70","413.40","406.10","410.25","1597990755.55","3893612","50915"
"090519","411.00","411.80","407.00","409.55","1444489869.90","3527797","66114"
"100519","410.40","411.95","408.95","410.05","981755703.00","2393114","30821"
"130519","409.95","409.95","395.25","402.65","1383975770.00","3435597","71524"
"140519","396.70","396.70","386.85","391.05","2734291125.00","6988271","183391"
"150519","390.55","394.80","387.45","388.30","652512628.80","1668299","54988"
"160519","387.95","389.50","377.40","379.90","1052367662.00","2766863","88857"
"170519","379.75","384.00","374.25","382.55","851713774.60","2239697","61785"
"200519","394.00","399.00","391.00","397.05","1545745090.45","3901916","63589"
"210519","400.00","404.00","396.05","403.20","871262006.30","2174571","64266"
"220519","404.00","406.00","396.30","398.10","434941759.40","1088291","40998"
"230519","405.00","411.75","400.00","406.30","1535115853.80","3772524","98985"
"240519","408.00","410.00","399.90","407.95","807534138.55","1994086","42569"
"270519","409.00","423.95","406.60","422.60","1734120458.35","4152835","44681"
"280519","424.00","426.00","415.10","424.95","815389933.75","1929443","30087"
"290519","425.00","426.90","416.45","425.65","887442140.90","2095188","39447"
"300519","425.00","437.00","423.40","435.60","995638515.95","2306375","37833"
"310519","437.00","445.00","436.05","441.65","1240000459.15","2807954","66493"
"030619","442.00","452.00","441.00","444.00","1399978298.55","3134716","100521"
"040619","442.50","445.00","435.30","442.70","552120037.35","1252624","41328"
"060619","441.15","451.80","440.00","442.25","713143236.35","1596991","48608"
"070619","444.95","453.00","434.75","451.40","848440760.75","1902550","42114"
"100619","453.00","454.00","442.25","450.15","651735275.65","1453151","53730"
"110619","450.00","450.15","444.50","445.30","399262231.90","895285","42662"
"120619","446.00","449.40","440.10","440.95","285080005.65","641601","44345"
"130619","444.80","453.65","440.50","452.00","806381170.25","1796357","38293"
"140619","454.70","459.90","445.15","448.15","671921750.90","1478647","35714"
"170619","449.50","450.95","440.10","443.35","438081559.65","985932","28026"
"180619","443.35","445.15","440.05","441.70","404137458.80","913332","35712"
"190619","443.00","445.20","436.10","437.15","423026154.45","959725","47508"
"200619","436.05","442.00","429.45","440.45","383727081.50","881140","32107"
"210619","438.10","443.90","436.15","438.15","430499164.50","978609","47090"
"240619","438.55","442.25","435.60","440.10","210229553.85","479020","27965"
"250619","440.10","442.20","436.00","437.50","454016845.85","1034858","57162"
"260619","438.00","446.35","437.00","441.75","1050109479.55","2378103","69402"
"270619","443.90","456.85","439.05","455.15","1058519086.95","2356422","61359"
"280619","457.95","470.65","456.35","464.05","1877411801.00","4027131","91354"
"010719","471.00","478.75","467.25","469.50","1169256704.85","2471465","89464"
"020719","469.00","477.00","468.60","469.80","728606102.30","1540850","42764"
"030719","471.90","484.95","470.20","479.25","1149419870.75","2400197","72367"
"040719","481.50","491.50","479.70","489.10","1067369013.85","2192930","90261"
"050719","491.20","494.90","469.20","473.75","1345782084.80","2788311","97913"
"080719","463.70","468.20","447.65","462.75","1302023307.95","2834536","96690"
"090719","465.40","465.60","453.10","455.75","941214290.00","2053510","51988"
"100719","458.00","460.00","454.10","455.75","361880948.70","790156","24187"
"110719","459.75","470.90","452.75","467.80","799290443.60","1728011","38541"
"120719","471.00","485.00","469.10","481.75","1086672880.10","2266998","74982"
"150719","482.15","494.50","482.10","491.10","1062128960.90","2167991","58016"
"160719","493.40","498.45","481.70","491.05","1082272291.30","2191685","113529"
"170719","492.30","503.80","486.60","497.15","1371238693.00","2760727","70931"
"180719","498.80","510.50","497.50","503.55","1573346176.60","3115748","117941"
"190719","506.00","509.45","485.00","487.60","1185178220.35","2396384","71715"
"220719","485.85","497.80","479.05","490.65","992979903.60","2024584","51912"
"230719","491.00","511.55","481.40","508.55","5107188289.95","10256139","161787"
"240719","511.90","533.00","497.00","499.55","3640637432.40","7088915","144439"
"250719","498.85","510.70","498.20","501.20","1329887118.65","2630537","67767"
"260719","504.70","508.00","495.10","499.10","854923335.35","1706982","60838"
"290719","499.80","502.70","478.40","485.35","1212444788.60","2481978","62258"
"300719","487.10","491.80","475.10","483.10","1104613273.20","2274640","56641"
"310719","481.20","495.50","477.25","493.50","876345661.55","1798489","45157"
"010819","493.00","502.00","481.10","487.95","1285134960.65","2626100","87359"
"020819","488.95","498.35","480.40","494.35","1083592975.85","2215370","81057"
"050819","491.50","494.50","483.30","487.15","1457952764.80","2996132","91623"
"060819","485.05","518.00","485.05","512.10","2532671267.10","5029677","125214"
"070819","517.00","524.80","511.10","518.10","2289906504.70","4417521","131292"
"080819","541.40","545.55","516.30","522.90","5367771649.00","10168512","260491"
"090819","524.30","535.40","524.30","526.75","1519127395.45","2861762","127593"
"130819","529.70","537.00","516.00","519.35","1866238114.25","3543626","139049"
"140819","487.50","540.55","481.25","517.00","16030618957.75","31957442","363863"
"160819","515.00","543.00","513.60","540.15","6083717279.70","11397991","248151"
"190819","545.70","560.00","520.00","524.55","7434959927.70","13762429","279169"
"200819","526.00","532.90","516.60","527.90","5309173684.85","10083216","204737"
"210819","530.00","539.00","525.10","530.70","3468828280.95","6505412","156422"
"220819","533.95","538.35","525.40","528.45","2845883918.70","5344682","131981"
"230819","530.00","531.80","512.75","517.20","2403785108.10","4611285","157445"
"260819","529.75","536.80","517.10","526.40","2533106678.05","4813908","170184"
"270819","535.00","569.75","534.00","555.20","52356467949.55","94765364","607935"
"280819","556.90","557.40","538.10","547.70","4109142543.15","7523593","166154"
"290819","544.25","549.75","540.00","541.70","1517650709.35","2790568","113598"
"300819","542.00","559.40","542.00","557.15","2366663478.50","4299020","96593"
"030919","551.40","556.95","535.00","536.75","2664741705.15","4903625","118803"
"040919","539.00","542.80","528.60","535.65","1248369269.00","2330167","90138"
"050919","538.80","547.40","527.00","528.50","1960277478.15","3656775","115774"
"060919","531.90","536.00","528.00","529.90","873279531.15","1641066","50596"
"090919","534.00","539.75","529.30","530.90","1649554389.10","3086676","69661"
"110919","533.70","540.50","533.00","537.90","1347210757.25","2505388","82522"
"120919","539.95","545.90","536.20","537.85","1077539828.20","1990091","45065"
"130919","538.70","543.00","532.85","540.40","763162156.40","1414823","37290"
"160919","537.00","540.00","533.55","537.65","709216914.05","1320333","39458"
"170919","538.60","538.60","524.10","530.70","1036097832.80","1952479","71518"
"180919","533.85","540.00","533.00","539.10","785245607.00","1460223","47238"
"190919","540.70","540.70","529.10","532.45","582100017.90","1092159","29675"
"200919","536.00","567.00","536.00","563.85","4987568473.05","8964556","155397"
"230919","564.00","566.70","540.00","540.75","2872795561.15","5216335","150336"
"240919","541.10","554.95","540.15","551.05","1392921874.45","2548423","55017"
"250919","551.80","562.70","550.10","557.85","2113802816.75","3790845","60029"
"260919","556.90","577.00","556.40","569.30","2545393395.20","4460160","94626"
"270919","567.10","585.60","567.10","582.30","2276452221.35","3937172","73969"
"300919","585.00","609.00","585.00","601.15","3308152149.20","5522478","111452"
"011019","604.20","608.00","590.35","598.20","1893010681.00","3176809","46993"
"031019","596.30","597.85","575.50","592.90","2140385069.40","3634620","82476"
"041019","593.25","594.70","582.05","584.45","1705009409.95","2889488","46001"
"071019","584.50","584.50","572.05","575.45","1867407426.65","3237005","86738"
"091019","575.20","586.75","573.70","580.50","918131944.25","1579192","43954"
"101019","577.50","589.00","575.00","583.80","906732142.15","1556208","25824"
"111019","585.00","599.70","584.00","590.65","2454032790.25","4147792","49632"
"141019","586.00","589.70","580.00","582.30","970812470.75","1659110","58601"
"151019","581.00","595.85","580.60","592.75","845929342.35","1429097","35770"
"161019","594.80","615.85","594.00","610.60","2297107716.75","3769552","75624"
"171019","612.95","622.00","610.00","615.15","1784076332.55","2893199","59164"
"181019","615.70","616.50","607.00","608.45","1173196879.40","1922910","63890"
"221019","609.95","624.25","605.50","611.30","1644832492.90","2673829","61740"
"231019","614.80","625.90","601.00","607.85","3437638106.90","5606504","108017"
"241019","609.90","618.90","607.60","615.35","1757018037.35","2865137","68135"
"251019","617.40","619.80","608.10","610.50","1214425604.45","1982250","31056"
"271019","614.90","622.00","612.35","619.65","550739255.25","890503","21459"
"291019","620.85","621.00","609.10","610.75","1403242563.25","2288088","64009"
"301019","581.20","643.65","581.10","632.45","16799512329.00","27156751","309362"
"311019","636.90","646.40","622.00","626.20","2847596584.90","4487728","87502"
"011119","626.00","636.00","608.10","612.70","2487848777.25","4002384","80696"
"041119","612.50","615.70","588.40","593.30","7181139110.85","12053809","250887"
"051119","596.00","602.00","580.15","583.65","3633222764.20","6170402","197045"
"061119","584.00","590.90","580.10","584.95","2250916438.70","3840924","104425"
"071119","587.90","588.75","576.15","580.15","1869869469.00","3217588","78973"
"081119","580.00","585.20","566.50","567.90","2086871301.30","3630548","128849"
"111119","569.95","584.00","565.00","571.00","1966689524.40","3419720","87578"
"131119","572.00","593.00","572.00","589.15","3832201939.25","6532837","135347"
"141119","592.50","594.90","581.50","586.35","1565678041.20","2663642","50581"
"151119","588.35","588.35","576.10","577.50","1139754815.10","1959586","67797"
"181119","574.95","574.95","567.50","570.45","1776961396.80","3112232","75267"
"191119","571.00","577.50","565.60","570.70","2162068232.15","3791275","74204"
"201119","572.00","579.50","568.50","574.70","2190995565.40","3822519","58442"
"211119","576.40","592.35","573.00","589.25","2189315518.15","3752775","60213"
"221119","591.80","593.90","581.25","586.40","1335587624.35","2275245","68411"
"251119","585.85","599.85","585.00","597.80","2267330000.80","3802000","85416"
"261119","600.00","607.75","592.00","597.60","3547683426.40","5918113","76755"
"271119","598.10","599.40","582.75","584.95","1267914771.95","2154255","47515"
"281119","588.00","588.65","575.00","576.20","1599654300.30","2761394","109947"
"291119","577.50","583.00","570.20","571.50","1233337888.90","2142174","73362"
"021219","570.00","578.85","566.00","569.40","1456582980.40","2550584","63061"
"031219","572.60","586.45","571.50","584.75","2684744465.85","4622846","90641"
"041219","584.90","588.00","577.10","583.65","1281626745.20","2198714","89572"
"051219","585.45","585.70","575.00","575.90","1113300527.85","1929160","71598"
"061219","577.75","579.20","571.25","575.00","1223421435.45","2127676","52514"
"091219","576.70","576.75","570.10","572.50","910981879.10","1591039","44891"
"101219","577.15","586.50","569.05","570.50","2345821267.35","4061646","75433"
"111219","573.40","575.00","565.50","572.50","1305917402.40","2289830","42604"
"121219","576.75","585.65","571.05","582.90","1701807181.30","2941825","59947"
"131219","585.70","595.10","585.70","588.90","1235357426.85","2095278","47724"
"161219","588.50","594.90","586.60","592.10","832910236.95","1408707","45452"
"171219","595.15","600.00","586.20","595.60","971374478.65","1636039","38888"
"181219","599.00","604.80","588.20","601.50","1849684399.60","3092926","66597"
"191219","602.00","609.25","598.50","605.25","1660014086.45","2743666","56235"
"201219","606.00","616.00","603.00","612.70","1974946784.20","3239394","86943"
"231219","615.10","621.00","609.00","616.15","1434826405.00","2325450","51424"
"241219","618.10","627.60","613.40","625.30","1826017816.35","2938173","63620"
"261219","627.90","639.00","623.10","635.60","1897949284.95","3006668","58982"
"271219","639.00","639.00","628.55","631.40","1576282259.90","2494965","72563"
"301219","632.70","638.75","629.00","636.15","1139002088.40","1799682","37683"
"311219","637.90","646.00","620.75","626.05","1406856142.00","2217822","44539"
"010120","623.00","626.00","616.35","621.45","1085334201.20","1749377","69565"
"020120","622.70","638.80","618.40","634.25","1246590868.35","1973981","48203"
"030120","631.00","637.45","626.40","630.70","1515752993.65","2401828","40553"
"060120","627.40","627.40","611.50","619.55","2593094426.50","4175516","63567"
"070120","623.60","643.70","623.60","629.95","1787971492.60","2827658","46697"
"080120","622.00","631.80","618.50","628.85","1403714485.00","2248332","36564"
"090120","635.00","636.50","627.80","631.50","846178374.90","1338705","41299"
"100120","632.40","634.00","618.75","623.10","1364112944.95","2181852","49891"
"130120","627.90","633.05","623.60","625.40","728098837.80","1161466","58017"
"140120","626.50","627.00","612.75","614.25","1307053562.30","2109229","63246"
"150120","614.00","620.50","612.75","616.55","999364140.25","1621297","55931"
"160120","624.00","625.00","605.80","607.50","1957247426.55","3196222","77222"
"170120","607.50","611.55","601.70","607.65","1404564898.70","2313300","57721"
"200120","611.00","612.45","597.10","598.25","1126190676.80","1870028","49916"
"210120","595.70","609.70","594.15","602.00","965398487.05","1597879","44659"
"220120","604.90","616.50","602.65","612.75","1264417841.15","2066862","52811"
"230120","614.30","621.90","611.50","616.00","1041106398.90","1685313","40823"
"240120","607.90","611.25","602.80","607.25","1327275649.85","2188192","55472"
"270120","604.80","605.70","598.10","599.70","921519780.35","1531808","40945"
"280120","601.00","611.90","599.00","603.75","1002384318.00","1651481","44253"
"290120","605.95","611.00","602.25","605.05","803283908.00","1324538","48342"
"300120","605.90","608.55","597.15","600.45","639227764.60","1060111","44703"
"310120","603.10","604.45","597.30","599.20","757190269.55","1260667","53041"
"010220","598.20","609.00","537.90","562.40","4468389408.65","7823819","148031"
"030220","553.00","573.00","527.50","565.30","5407529581.10","9688974","173075"
"040220","568.00","578.45","555.55","573.10","1769968743.55","3116053","85003"
"050220","574.40","586.35","565.00","583.45","1585362711.90","2739852","65615"
"060220","587.00","598.70","587.00","593.65","1364569568.20","2299958","47448"
"070220","593.50","600.00","589.00","595.70","706581443.25","1185529","62511"
"100220","596.00","598.90","584.50","588.05","808002772.25","1366499","43003"
"110220","589.75","594.50","575.80","583.50","903441357.45","1545054","43482"
"120220","585.60","594.70","563.60","578.35","1905883022.45","3303107","86165"
"130220","576.50","582.25","568.50","577.20","1211029812.80","2107487","68550"
"140220","578.90","581.50","572.00","573.95","1347889121.85","2332181","46702"
"170220","574.90","575.00","564.05","565.90","523611046.65","918309","28081"
"180220","564.80","565.35","556.00","562.60","690878771.00","1231246","74693"
"190220","565.90","581.85","563.00","579.10","1004777497.25","1752251","50522"
"200220","582.10","583.70","572.10","573.50","2140335325.20","3708209","70643"
"240220","572.25","578.40","556.00","560.80","893518069.60","1576359","64998"
"250220","570.00","582.50","566.00","569.50","2063204944.70","3582636","112244"
"260220","565.30","571.45","555.00","557.05","1302878846.90","2313470","53757"
"270220","559.00","569.30","544.25","566.70","1663230211.30","2985262","68346"
"280220","554.00","565.00","541.25","544.10","2408990687.00","4380818","83737"
"020320","555.00","564.25","550.95","554.50","1283304575.85","2299648","56911"
"030320","560.00","573.00","559.65","563.50","1611083388.25","2844292","58873"
"040320","567.40","570.00","560.15","568.60","982626137.05","1735962","78900"
"050320","572.00","572.80","556.40","564.95","2149398477.05","3821330","49260"
"060320","541.00","556.50","535.00","548.15","1916651896.25","3494853","64502"
"090320","538.00","540.30","506.20","517.65","2372267611.35","4577812","101728"
"110320","515.00","526.00","508.05","513.55","1534687789.45","2971154","66112"
"120320","495.00","498.00","453.30","472.90","2290827017.45","4798516","99309"
"130320","435.00","525.00","429.10","507.15","3978779132.45","7973723","132353"
"160320","494.00","500.40","471.00","474.20","1973145907.80","4059856","99737"
"170320","475.00","486.00","460.00","464.95","1563057153.15","3292007","67562"
"180320","465.00","470.00","410.85","419.45","2069148176.00","4747409","113680"
"190320","385.35","432.55","385.35","416.95","3368404916.95","8358755","143282"
"200320","425.10","442.00","411.30","418.10","2060901069.45","4857481","100815"
"230320","377.50","394.40","340.00","342.30","1603987613.15","4439246","146648"
"240320","362.00","409.00","345.85","391.30","2018287778.60","5265165","156464"
"250320","390.00","440.00","385.60","434.30","2612379055.15","6175029","135841"
"260320","448.00","487.00","434.00","477.45","3057392612.20","6462243","168111"
"270320","450.20","483.80","440.00","441.00","6584173433.95","14440644","272545"
"300320","432.00","443.90","407.00","412.50","3003632227.35","7106593","98929"
"310320","429.00","448.20","414.40","441.35","2330641830.85","5414966","87416"
"010420","438.10","447.40","424.05","429.90","3230214507.90","7415298","196972"
"030420","428.50","442.00","416.20","422.30","2986476150.15","6997591","164793"
"070420","436.90","476.00","433.25","470.50","2929669758.10","6387620","119275"
"080420","464.95","500.55","457.40","476.60","3429943816.65","7175340","279754"
"090420","488.90","494.40","464.15","472.25","1740843452.05","3633341","130668"
"130420","473.00","482.75","453.30","477.80","1929488301.55","4143792","183307"
"150420","481.70","488.70","468.50","471.70","1893856891.20","3951830","128054"
"160420","470.00","494.40","462.00","489.70","2452112773.50","5065365","90897"
"170420","505.00","518.95","491.50","495.50","3302847521.05","6525356","133120"
"200420","503.70","515.30","496.00","508.30","2118884569.05","4164523","116170"
"210420","496.00","502.85","488.90","496.35","1442876001.35","2902454","58023"
"220420","499.50","509.00","490.35","503.65","1044293810.35","2103584","54411"
"230420","505.00","511.90","486.30","488.50","1488447222.20","2996670","64162"
"240420","478.25","478.75","451.15","453.35","2040753884.80","4402298","108631"
"270420","459.00","491.40","459.00","484.75","2701199063.45","5612312","138387"
"280420","495.00","496.60","471.15","486.15","2792860214.45","5790882","154993"
"290420","488.00","505.20","484.75","492.85","2096516585.60","4230744","82075"
"300420","500.00","510.70","493.15","501.05","1880601456.45","3751413","78012"
"040520","489.00","489.00","472.10","478.95","1187153409.80","2476319","69450"
"050520","483.00","489.90","475.15","477.55","1209061484.75","2499854","50333"
"060520","478.00","499.00","469.45","491.00","2658579890.15","5449872","131567"
"070520","489.70","502.00","488.90","494.55","1213633852.10","2443553","52694"
"080520","499.70","527.35","499.00","520.05","4735248114.65","9180047","191573"
"110520","529.75","539.00","522.50","525.20","2888960762.55","5446596","163802"
"120520","521.45","536.60","517.30","526.80","1947887440.95","3693398","83716"
"130520","533.00","538.00","515.00","516.75","1909683615.15","3652083","119099"
"140520","515.00","523.00","491.40","495.00","2088957888.60","4151393","113301"
"150520","499.10","501.00","485.00","487.30","1720425066.35","3513979","94837"
"180520","487.30","490.90","464.00","469.35","1953416936.00","4108281","110107"
"190520","475.00","485.95","465.25","471.75","2442736947.35","5129797","103921"
"200520","474.15","482.75","472.50","479.25","1489469413.90","3112805","50335"
"210520","480.00","496.55","480.00","493.80","2063623956.60","4216424","82313"
"220520","493.00","504.70","490.30","494.75","2288869766.45","4602359","72081"
"260520","502.00","514.90","497.00","507.45","2135682929.25","4215640","131002"
"270520","506.80","510.00","495.25","503.30","936833163.55","1859761","39723"
"280520","506.00","523.30","501.45","516.80","1726113249.95","3346532","81687"
"290520","516.40","540.80","511.75","523.20","14285768886.20","27247264","338402"
"010620","521.00","528.65","513.35","516.10","1641873954.20","3151566","59747"
"020620","516.00","522.25","497.00","499.70","2984629517.90","5912196","149764"
"030620","502.10","519.75","494.45","501.35","6972558839.70","13733176","171392"
"040620","521.15","524.95","512.30","517.60","6081063971.95","11740028","147402"
"050620","517.60","521.25","511.70","516.25","1836602787.40","3558356","60562"
"080620","520.00","529.80","516.25","522.05","4418926759.05","8430264","147437"
"090620","525.00","531.00","501.50","506.85","4739576109.80","9173487","132818"
"100620","507.45","507.95","499.00","501.70","1690227729.60","3359218","68990"
"110620","500.00","509.50","497.00","501.65","1252005694.55","2483043","48883"
"120620","488.00","504.15","486.25","502.30","4029823225.85","8115192","114873"
"150620","507.90","507.90","495.30","499.90","1812384587.00","3620145","73980"
"160620","505.00","510.70","497.00","505.70","1808331251.50","3579474","63423"
"170620","506.00","508.70","498.55","500.40","935246961.75","1857859","35946"
"180620","500.00","517.90","498.65","515.95","2091200388.95","4084145","81383"
"190620","517.95","524.00","514.35","521.10","2372816669.25","4569791","72145"
"220620","524.95","525.80","514.55","520.40","1437486755.40","2767223","54000"
"230620","524.25","544.60","520.40","537.05","3118459563.65","5813524","95610"
"240620","542.70","545.60","523.70","527.25","2011986133.40","3765294","76908"
"250620","520.00","539.75","519.00","538.40","1416841120.75","2654401","60899"
"260620","541.40","547.45","535.00","541.90","1400981976.25","2586687","45147"
"290620","543.50","544.60","532.65","537.20","910598635.65","1691390","47684"
"300620","540.50","554.45","537.00","549.00","1846012557.05","3360063","70448"
"010720","555.55","560.00","546.15","549.65","1898770493.60","3419823","77110"
"020720","549.50","552.50","545.70","547.95","898898468.35","1638118","39488"
"030720","564.95","589.60","558.00","572.15","9005195886.20","15663762","272940"
"060720","581.00","591.85","576.40","584.70","2841196776.95","4862826","116324"
"070720","589.70","591.00","572.10","582.60","2235930772.15","3849690","108560"
"080720","581.50","596.90","578.00","581.95","2520409175.90","4280870","101366"
"090720","584.10","589.90","582.95","585.20","1429935036.70","2441545","75193"
"100720","586.00","600.00","585.25","592.50","1902110150.95","3207170","89121"
"130720","593.95","603.75","584.00","600.30","1696377685.65","2854269","69941"
"140720","592.50","609.00","592.50","598.45","2197179810.05","3645884","118929"
"150720","600.00","604.70","593.00","594.80","1382165937.30","2310735","61211"
"160720","594.00","603.75","589.25","599.85","1057424084.90","1767720","48767"
"170720","600.80","616.00","600.05","614.50","1698723637.40","2790704","47498"
"200720","619.70","628.20","612.30","616.45","1875502954.00","3020897","65154"
"210720","622.00","632.50","601.35","627.45","5145071904.40","8306391","165252"
"220720","627.00","627.00","605.90","609.65","3158916699.00","5164789","145858"
"230720","610.95","623.70","610.65","622.70","1829035117.00","2957797","69128"
"240720","617.00","624.90","615.50","622.40","1729296124.30","2789581","63514"
"270720","624.60","637.50","613.50","633.45","2090542640.25","3344053","71363"
"280720","636.00","647.60","633.65","640.50","2758917256.40","4307409","96390"
"290720","640.50","642.70","629.00","637.75","1561459221.60","2458653","73309"
"300720","639.95","644.90","623.95","635.10","17684372090.65","27847477","171940"
"310720","628.70","637.90","619.05","627.10","2370582030.45","3775023","86250"
"030820","624.00","624.00","600.50","603.00","2209530177.60","3634590","87587"
"040820","605.20","615.90","600.95","614.15","1374910432.80","2248864","58786"
"050820","616.45","618.15","603.30","605.00","1249150122.55","2052017","63334"
"060820","608.40","611.75","602.25","606.90","1576311271.90","2596375","46206"
"070820","607.90","613.85","605.45","606.95","1050540731.55","1723762","71761"
"100820","616.00","617.95","607.00","608.85","1238397423.90","2028858","94679"
"110820","609.85","613.90","606.10","608.75","938382931.75","1539726","32479"
"120820","609.00","617.70","603.10","608.75","2085741786.70","3419611","74183"
"130820","610.00","614.00","598.00","599.75","1306056898.80","2164504","59885"
"140820","600.00","602.40","585.65","587.75","1863154305.35","3151499","77666"
"170820","591.40","594.20","585.95","589.10","787907102.50","1335406","34258"
"180820","590.50","600.65","589.00","597.60","1326204806.45","2225080","75634"
"190820","600.00","607.95","598.95","603.45","1415880567.60","2345111","50200"
"200820","599.00","600.00","590.10","595.05","886954660.60","1490688","59347"
"210820","599.20","608.90","596.15","598.10","1211493529.80","2009373","43447"
"240820","599.80","605.45","597.05","598.75","1139515563.30","1893436","52600"
"250820","599.00","603.60","593.00","599.80","1078650723.55","1803138","57964"
"260820","603.00","603.00","588.65","592.05","1745697111.35","2950984","74204"
"270820","594.20","600.00","591.15","596.05","1754374392.40","2947749","54207"
"280820","600.00","603.50","588.15","589.35","2159310074.60","3638732","119585"
"310820","594.75","594.75","567.05","574.80","2175173387.35","3755093","110002"
"010920","581.50","586.00","570.75","579.30","1973983627.90","3407303","66262"
"020920","581.40","590.00","576.80","580.85","1460139632.65","2502182","57005"
"030920","583.70","589.00","579.25","582.20","1108349884.65","1896035","71352"
"040920","570.00","581.00","569.05","574.65","1507368023.05","2618812","67746"
"070920","576.60","594.50","571.15","591.85","1974643135.85","3374335","70815"
"080920","593.50","595.15","579.50","581.85","1113723022.35","1896569","47931"
"090920","588.90","593.00","582.65","585.70","1993310705.15","3392130","66420"
"100920","589.60","603.00","587.40","601.60","2263342572.20","3792391","89588"
"110920","608.00","612.70","601.60","604.80","2771458723.05","4565118","94696"
"140920","610.00","610.00","595.20","599.45","1367324264.45","2269786","54577"
"150920","601.95","601.95","591.05","594.20","1409369146.65","2371934","54563"
"160920","594.50","604.95","592.80","598.60","1295671209.90","2164876","47135"
"170920","593.10","598.10","588.30","591.85","906998376.00","1532457","52318"
"180920","594.00","594.80","583.50","585.10","1518801730.45","2587595","57640"
"210920","587.00","589.80","577.25","579.35","914358910.30","1566236","45201"
"220920","576.00","587.50","566.30","579.40","1363648058.50","2359389","65061"
"230920","581.25","586.10","575.60","580.25","1282820724.05","2210606","53134"
"240920","574.80","580.80","572.70","577.65","1757627248.75","3044327","68551"
"250920","577.30","580.50","571.25","577.50","1188302376.65","2059556","56961"
"280920","579.20","583.30","577.05","581.20","923465661.55","1591676","45369"
"290920","586.80","586.80","563.75","570.80","2388782400.00","4161096","48846"
"300920","571.80","571.95","555.95","559.40","2758260438.70","4906856","65869"
"011020","568.00","572.00","562.25","569.20","838574842.70","1477382","36822"
"051020","572.00","576.95","565.35","574.75","1425984831.60","2490303","60381"
"061020","577.50","586.20","575.75","582.05","3284791898.90","5665979","90313"
"071020","585.00","587.15","575.00","578.95","1501448189.30","2588117","56768"
"081020","586.50","586.50","577.10","583.15","5402179419.80","9288183","72545"
"091020","587.00","589.00","568.60","573.80","2625423541.80","4556031","83293"
"121020","576.45","577.00","560.20","563.40","1329353264.80","2349606","66535"
"131020","564.40","571.95","559.70","566.70","1203146739.90","2122839","49692"
"141020","564.90","574.80","558.00","572.35","2240828169.55","3958474","64093"
"151020","573.00","574.00","560.05","561.50","1006047251.55","1773035","46865"
"161020","562.95","566.25","559.50","561.15","1190715004.55","2117294","47755"
"191020","565.90","574.30","564.30","570.50","1915969864.25","3362350","54453"
"201020","574.60","581.00","567.00","571.00","3718869558.45","6496853","163004"
"211020","574.50","577.45","556.00","562.70","1962526879.30","3458591","119945"
"221020","563.00","566.80","558.15","561.10","1666836985.30","2967366","79478"
"231020","563.00","580.65","559.65","564.50","12122258221.25","21453700","160359"
"261020","566.75","582.65","563.50","578.65","4885784512.95","8486269","172732"
"271020","582.90","591.50","580.00","587.30","3497632188.60","5959808","131434"
"281020","590.75","594.80","583.65","586.15","2394575096.60","4062107","131513"
"291020","582.00","588.00","580.35","586.10","977491313.50","1671983","45667"
"301020","590.00","598.20","584.00","589.75","2239788760.65","3789450","90335"
"021120","590.80","594.50","585.60","587.50","1301197740.25","2206055","49666"
"031120","590.40","601.60","590.00","599.05","2177689373.75","3646651","58922"
"041120","591.10","603.90","591.10","594.25","1145956183.15","1919838","53411"
"051120","600.15","602.50","590.00","592.05","1400085389.25","2350192","57601"
"061120","593.00","598.60","588.85","590.60","1181027999.35","1990463","46704"
"091120","596.00","599.00","587.75","592.85","1764388565.20","2978907","64556"
"101120","595.00","615.10","590.40","609.65","2884892016.85","4801645","96860"
"111120","616.95","626.80","614.25","623.45","4058166197.55","6526986","113136"
"121120","623.85","633.10","618.40","630.40","2232558692.45","3555249","85290"
"131120","625.00","630.35","617.95","627.50","3157012884.95","5036293","49307"
"141120","638.00","639.20","633.70","636.10","687250140.75","1080124","44188"
"171120","638.70","674.00","635.00","670.05","6412796580.05","9740753","155225"
"181120","672.50","676.10","661.20","664.80","2433303318.35","3642631","79318"
"191120","661.00","670.75","643.00","646.05","2762880308.65","4212122","85508"
"201120","647.35","668.55","647.35","663.90","2006429674.70","3045488","69061"
"231120","667.20","674.30","655.95","661.30","2003083213.85","3011294","96279"
"241120","665.50","666.40","651.40","664.15","1388456142.30","2108847","64520"
"251120","672.45","688.50","661.85","665.10","4599219536.90","6798974","142039"
"261120","668.00","675.40","658.15","660.80","2526182806.30","3804983","90398"
"271120","663.70","664.10","642.15","646.80","6426571467.40","9917761","168532"
"011220","653.25","656.00","639.50","641.90","2943217121.10","4569057","97745"
"021220","644.00","646.90","630.20","636.50","3907001187.70","6126982","124249"
"031220","626.10","650.70","625.00","647.95","17169730491.65","26754679","249249"
"041220","652.00","654.95","640.10","643.25","2880498467.55","4452423","79853"
"071220","645.10","651.40","641.85","649.55","3006856352.10","4644396","111928"
"081220","652.55","657.70","644.00","651.50","2873314548.45","4409047","136542"
"091220","655.50","656.50","645.00","652.60","2935925986.90","4512763","86079"
"101220","656.10","661.00","645.65","659.45","3660027131.50","5582666","94898"
"111220","663.90","668.35","655.25","664.50","4167218065.70","6275768","122296"
"141220","667.45","668.00","653.25","655.75","1770661188.75","2696137","84322"
"151220","659.90","663.95","644.75","651.45","3145484326.20","4819043","68258"
"161220","655.40","655.75","647.25","648.70","1651055961.95","2540833","69780"
"171220","651.00","661.20","650.25","654.55","3055239402.85","4660373","90993"
"181220","656.30","656.30","640.00","654.10","1653829950.00","2540821","55239"
"211220","646.00","653.15","617.40","629.20","1913617599.95","3004002","92680"
"221220","630.00","643.25","620.60","641.25","1946541538.90","3085304","92102"
"231220","641.25","649.90","633.75","648.60","1889411138.50","2940595","69114"
"241220","651.70","663.60","649.00","657.25","2485013417.65","3776278","68947"
"281220","661.85","680.00","657.70","678.70","3783331877.35","5624012","99574"
"291220","683.00","686.35","670.15","673.20","2775249788.75","4102480","73346"
"301220","679.00","679.00","667.00","675.70","1943188878.75","2886107","60576"
"311220","676.70","679.00","669.55","676.50","1997449440.30","2959814","46595"
"010121","676.50","680.80","675.00","678.40","857198489.25","1264311","36565"
"040121","680.35","697.60","680.35","695.85","3469652310.50","5031655","105364"
"050121","691.10","715.00","690.25","713.75","4907389020.70","6955494","149600"
"060121","713.00","720.50","705.40","719.05","2559426668.10","3582162","80321"
"070121","720.00","723.80","702.50","704.30","2335181992.20","3284785","77088"
"080121","715.40","721.95","708.10","717.00","2033805435.05","2841346","54878"
"110121","720.90","731.00","715.70","725.10","2330512166.10","3216546","81406"
"120121","727.00","727.00","714.20","718.40","1156862118.35","1607350","62069"
"130121","718.45","724.70","708.55","713.25","1888029090.55","2639680","66811"
"140121","713.00","718.55","702.55","706.90","1410571782.35","1995368","53704"
"150121","708.40","717.00","702.20","704.85","1716304927.05","2417123","71334"
"180121","703.00","709.30","689.00","693.95","1657461068.40","2381523","90238"
"190121","695.00","701.55","693.70","698.55","1407888142.80","2016585","61352"
"200121","700.00","711.85","700.00","702.95","1763960142.65","2495461","50985"
"210121","710.00","711.90","699.00","700.50","1591242269.75","2254977","54694"
"220121","702.70","708.80","684.10","687.40","1834748870.35","2644349","81501"
"250121","695.00","699.50","665.65","680.40","2400483960.75","3532317","132793"
"270121","685.00","695.00","673.05","682.85","2491979709.00","3629780","90271"
"280121","679.50","683.05","670.10","671.80","1327258097.50","1964058","73704"
"290121","673.65","684.95","668.15","677.95","3112961732.65","4598451","93554"
"010221","678.30","713.30","668.50","699.05","5810161804.70","8383807","191392"
"020221","710.50","712.00","674.50","681.05","4594053250.20","6702065","186604"
"030221","685.00","695.00","679.00","689.20","1998094063.80","2902411","75002"
"040221","685.25","690.65","678.15","680.40","2307986487.85","3379697","74664"
"050221","682.60","684.95","672.40","681.55","1869194508.30","2759333","125060"
"080221","685.85","691.40","677.25","684.05","2666217815.35","3887493","92792"
"090221","688.70","710.20","687.95","704.90","5155869946.05","7331068","151664"
"100221","710.05","723.90","710.00","719.05","6116533188.15","8514545","174202"
"110221","721.00","726.45","710.30","714.20","2192173378.60","3044979","61470"
"120221","713.95","720.00","708.25","710.95","1259021103.30","1760221","60154"
"150221","713.50","717.35","694.20","695.25","2722236025.75","3871100","91544"
"160221","696.40","704.00","686.95","695.35","2131054008.80","3066134","62410"
"170221","696.00","711.50","693.00","703.10","2496034620.45","3533494","74733"
"180221","703.50","715.95","702.00","713.45","2101807885.70","2949918","61547"
"190221","715.30","723.45","703.10","710.65","2703251329.00","3787638","76987"
"220221","711.00","713.65","688.05","690.60","2163910389.65","3110151","84217"
"230221","693.50","712.85","690.15","705.70","3309772485.10","4693570","76975"
"240221","712.05","721.50","697.00","718.80","1692435525.50","2362499","59399"
"250221","724.00","744.00","721.00","733.50","4145366028.70","5635556","123795"
"260221","725.95","730.90","693.95","700.65","9268870982.05","13122512","159823"
"010321","711.30","713.50","700.15","705.25","1562490775.90","2210665","59606"
"020321","714.95","727.80","706.25","720.80","1746230971.55","2446910","50254"
"030321","724.00","731.50","721.10","727.50","1244589514.70","1714037","45214"
"040321","721.00","728.50","713.00","720.50","1530868666.95","2122634","50422"
"050321","723.00","724.75","711.30","717.25","1539639602.45","2140241","51805"
"080321","721.90","736.95","715.00","722.95","2330636067.10","3203722","69816"
"090321","732.00","746.00","732.00","740.20","4006284438.35","5412952","118177"
"100321","743.15","746.00","725.10","731.35","1773853660.65","2422642","54907"
"120321","739.80","739.80","710.00","710.80","2351159350.90","3271450","110121"
"150321","712.00","715.00","695.50","704.15","1683670378.95","2394247","72496"
"160321","707.70","710.60","700.00","703.05","1142705029.70","1619213","46101"
"170321","706.50","707.10","687.50","689.80","1457284550.80","2100094","60687"
"180321","695.10","699.25","675.10","680.85","1456054007.55","2124421","70937"
"190321","679.95","690.00","673.85","688.45","2152245258.35","3146999","77354"
"220321","689.45","694.75","678.25","679.85","1766303707.75","2585880","57995"
"230321","683.85","689.45","680.65","683.55","1510569607.10","2207365","53588"
"240321","679.20","686.85","675.05","676.50","1182405997.10","1735370","44561"
"250321","676.50","677.55","662.00","667.00","1835265353.05","2743208","84260"
"260321","672.40","676.80","666.55","671.70","1182025730.35","1761492","47136"
"300321","675.50","693.30","675.00","687.75","2373831757.85","3467886","92969"
"310321","688.00","697.80","681.00","696.20","1640919137.25","2368424","53322"
"010421","699.80","704.35","682.30","691.00","2373669348.95","3443437","67468"
"050421","697.90","698.00","676.10","682.15","1414444876.95","2074674","55493"
"060421","686.45","701.05","680.55","697.15","986360707.70","1427470","44945"
"070421","704.45","705.00","695.20","699.85","2023642927.00","2890361","62900"
"080421","700.00","706.00","697.30","701.45","1274366043.20","1817393","53189"
"090421","700.00","703.20","690.50","694.85","1103674029.75","1586783","52206"
"120421","685.00","690.00","679.60","687.30","2368425690.30","3457470","71824"
"130421","689.15","710.70","685.00","706.10","2928781646.70","4171978","65460"
"150421","713.15","713.70","688.00","694.45","1786634089.95","2566125","81456"
"160421","694.50","701.30","689.10","690.65","1929522296.80","2784995","44089"
"190421","682.05","684.45","661.55","665.95","3295224306.95","4936620","127450"
"200421","670.10","689.00","670.10","685.20","3671041252.85","5373233","85025"
"220421","672.00","682.80","672.00","679.05","1714968095.95","2526780","61888"
"230421","679.00","691.40","676.35","686.35","2152717392.80","3140377","59668"
"260421","693.00","708.15","687.20","704.45","2286606159.85","3274660","62777"
"270421","711.05","719.00","677.00","678.75","7475397453.00","10860187","227050"
"280421","682.50","682.50","671.15","672.60","2708515132.50","4011121","95806"
"290421","678.00","681.35","672.15","674.65","2660394354.05","3939217","80099"
"300421","670.00","678.00","660.70","665.10","1837121825.70","2742166","79379"
"030521","660.00","674.50","657.15","671.90","3268991058.95","4908079","101245"
"040521","677.00","680.85","665.50","667.85","2766611158.90","4118750","102269"
"050521","670.05","675.80","667.00","674.40","1509451700.25","2249063","53489"
"060521","672.00","679.90","669.00","671.80","1526955618.85","2269126","47123"
"070521","678.00","680.50","671.05","672.65","1290583940.50","1913550","37781"
"100521","670.25","685.95","670.25","680.05","2961710457.20","4342679","70071"
"110521","678.00","681.50","669.90","671.25","1637308942.30","2430724","81952"
"120521","671.25","673.95","665.10","668.80","1624273996.70","2428984","71349"
"140521","679.90","679.90","666.40","670.60","1059784247.45","1580599","49771"
"170521","671.60","675.30","662.85","666.30","1637874377.15","2453864","67224"
"180521","669.60","672.80","666.00","666.70","1208051106.40","1809231","34334"
"190521","668.00","671.60","665.00","666.15","1503683169.55","2252486","40231"
"200521","669.00","679.00","665.70","667.50","2907403459.65","4316905","68831"
"210521","669.00","674.90","667.00","670.70","1094724036.05","1629616","36420"
"240521","670.70","673.30","667.35","670.25","1197219648.25","1785392","49540"
"250521","673.70","674.00","657.10","659.15","2273134879.15","3425396","77496"
"260521","663.50","666.40","657.15","658.50","1281396153.35","1938680","54087"
"270521","661.05","667.00","657.35","664.05","2360205419.85","3565457","67177"
"280521","665.00","674.40","662.75","668.95","2030919008.70","3030073","58718"
"310521","670.70","670.70","662.45","665.90","2080932680.95","3123672","66162"
"010621","668.60","670.95","663.65","665.25","1154355666.10","1731330","36682"
"020621","664.00","677.95","662.90","675.90","3345157851.15","4979822","89025"
"030621","679.75","683.30","676.60","678.45","1946364011.90","2861563","69548"
"040621","678.75","688.75","677.60","680.90","1731313559.75","2532605","58539"
"070621","682.30","684.50","675.00","680.10","1185160359.85","1746210","42592"
"080621","684.05","692.00","681.00","689.70","2354315273.30","3425861","76891"
"090621","695.00","696.90","681.50","684.90","2099325420.90","3041695","76566"
"100621","689.00","691.70","684.25","689.25","1527114348.35","2217208","60268"
"110621","689.25","690.15","681.55","682.60","1175751770.95","1716481","49228"
"140621","682.60","685.00","674.30","681.70","783929921.30","1151855","44205"
"150621","681.35","694.00","680.30","692.55","1802635979.80","2613877","68852"
"160621","696.20","698.10","690.00","692.15","2148583236.75","3092360","95055"
"170621","685.95","703.85","682.30","700.30","2649059257.65","3796926","103361"
"180621","704.00","711.00","692.60","709.20","4631082330.30","6580504","118104"
"210621","707.25","720.00","704.60","718.75","4356845625.30","6100487","120637"
"220621","720.00","724.00","713.25","716.75","1760830988.80","2451368","86376"
"230621","721.00","723.65","716.35","717.75","1362764470.40","1893116","54890"
"240621","715.00","722.45","712.05","719.60","1186299099.95","1652982","50106"
"250621","722.00","731.50","718.30","725.95","2056935013.15","2833717","63308"
"280621","728.00","728.00","694.20","696.20","5222917461.70","7428147","178587"
"290621","680.25","702.50","680.05","686.50","21254593136.40","30820343","282412"
"300621","690.00","695.65","685.00","686.30","2369386475.30","3432606","73063"
"010721","689.50","692.60","682.80","685.75","1758003324.55","2556547","77282"
"020721","689.35","690.05","678.85","687.50","5433268052.30","7942326","151114"
"050721","690.00","691.00","676.75","677.90","4619334280.90","6776797","141880"
"060721","678.60","687.00","675.00","680.05","4389758419.95","6442552","101525"
"070721","680.00","685.80","678.00","685.20","2063239380.75","3025732","81240"
"080721","685.30","689.30","678.40","681.30","2438423693.60","3568036","101994"
"090721","680.00","683.95","677.00","683.25","1750023418.45","2570371","82703"
"120721","684.50","686.65","680.10","682.95","944214567.80","1383135","38378"
"130721","686.50","694.55","683.55","693.40","2149883904.40","3119430","72156"
"140721","696.00","697.05","688.00","688.50","1594430254.25","2303846","68900"
"150721","690.00","699.50","688.10","693.65","1929318474.20","2774718","95044"
"160721","695.95","702.00","692.15","698.00","1397137664.30","2000951","59102"
"190721","696.50","696.50","677.00","678.70","1962967110.75","2866929","81562"
"200721","678.70","681.50","661.95","663.45","2434895402.35","3629414","120633"
"220721","664.00","669.40","661.10","662.10","2700024754.10","4062964","100830"
"230721","662.10","667.95","661.80","665.35","1861015840.60","2796725","64086"
"260721","665.00","665.40","660.35","663.10","1659947734.75","2503714","59504"
"270721","666.00","674.80","662.90","668.75","2351836000.30","3512513","90420"
"280721","674.45","674.45","661.15","664.85","1788964407.00","2686658","71170"
"290721","666.05","669.95","661.00","662.65","1315588274.85","1981009","60706"
"300721","664.50","672.00","661.35","664.05","1761328453.45","2640763","68488"
"020821","669.00","671.45","665.40","670.35","1751745745.50","2613866","49784"
"030821","672.00","675.00","666.60","673.80","1970775482.20","2936646","95645"
"040821","676.00","679.65","672.65","675.30","2079869630.20","3077649","85264"
"050821","678.00","678.00","668.20","669.50","1333051828.95","1985164","59003"
"060821","670.05","675.50","669.00","673.40","1175537400.40","1749643","39094"
"090821","674.15","677.95","666.00","667.00","984627480.90","1468932","52585"
"110821","669.60","671.90","661.35","666.65","906049783.50","1361893","42636"
"120821","666.50","675.90","665.40","674.95","1225461167.00","1822952","53995"
"130821","675.00","678.20","668.60","670.50","913519463.55","1358720","39929"
"160821","670.00","675.50","666.00","673.55","710670292.65","1058059","47454"
"170821","673.00","676.55","668.10","669.40","1444968234.15","2151413","46799"
"180821","668.95","675.15","668.50","671.05","1323566383.20","1968944","51145"
"200821","664.00","674.80","656.00","667.85","2682473525.30","4035337","104775"
"230821","670.00","672.80","662.30","668.80","1451852919.50","2173978","64902"
"240821","671.00","675.45","668.10","671.10","2048864144.60","3051984","78578"
"250821","675.10","692.00","673.00","687.55","5228990328.65","7608915","171543"
"260821","693.40","702.00","690.00","698.85","5349404869.05","7671524","159763"
"270821","700.35","707.00","698.85","704.10","2386499023.95","3396769","108871"
"300821","709.00","713.20","706.10","712.35","2148905857.65","3023655","80934"
"310821","712.35","719.00","704.10","717.75","2755201100.30","3854510","79133"
"010921","720.00","724.60","707.30","718.55","3574800464.10","4991772","122756"
"020921","722.45","775.65","720.00","759.00","12288005340.10","16281725","327691"
"030921","738.95","747.75","727.20","734.40","11496176594.00","15600504","312853"
"060921","740.00","743.75","728.70","736.05","5946466174.80","8084343","85428"
"070921","737.00","743.40","730.60","734.25","2129042479.65","2891731","93304"
"080921","739.00","747.00","733.85","743.65","2279122714.85","3070612","67174"
"090921","742.55","746.15","735.00","737.35","2125318934.20","2867987","57359"
"130921","736.95","742.70","723.45","734.90","2113595665.25","2883674","82015"
"140921","737.80","744.00","736.10","739.20","1461883036.25","1974670","51527"
"150921","740.90","752.00","740.00","746.30","2369658181.95","3172198","83434"
"160921","747.00","756.20","743.50","755.15","2410197206.45","3209102","74645"
"170921","759.00","759.60","740.00","747.75","8730060759.25","11661592","101591"
"200921","739.05","746.90","727.00","730.15","1067487803.20","1447672","50347"
"210921","729.70","737.70","724.25","735.80","1353672923.35","1850978","59178"
"220921","733.40","740.05","731.00","733.05","844644791.55","1150957","50907"
"230921","733.75","735.85","722.20","724.65","1698720205.30","2336977","83831"
"240921","728.90","731.30","720.75","725.80","1610032719.95","2219394","68739"
"270921","729.40","730.25","718.30","721.00","1376125352.95","1906863","66299"
"280921","722.00","733.35","721.50","725.80","1751701138.45","2407512","53421"
"290921","724.70","738.00","721.00","734.75","3803668394.70","5200234","84253"
"300921","740.00","740.00","720.70","722.40","2355719233.50","3235673","108692"
"011021","720.00","730.50","714.30","729.45","1336167226.40","1852758","65798"
"041021","725.40","733.35","725.00","726.65","1176279253.80","1615207","56138"
"051021","724.20","735.95","722.05","733.15","1625566493.20","2236948","81122"
"061021","736.00","741.70","724.00","725.65","1422688698.60","1939154","77844"
"071021","730.00","732.35","719.30","725.35","1779671424.40","2453970","63738"
"081021","729.00","731.45","720.30","722.10","1138508404.45","1573419","73061"
"111021","724.90","724.90","714.90","717.30","2160175626.25","3007329","81447"
"121021","716.90","717.95","699.00","703.40","2288741182.65","3241303","107725"
"131021","704.30","709.80","700.00","700.90","2175702306.25","3092746","60203"
"141021","702.50","702.70","693.00","693.80","2838574668.35","4077281","124675"
"181021","700.00","706.05","689.05","703.60","3195746988.65","4597120","88533"
"191021","708.00","709.05","698.55","702.80","1507172889.10","2137420","65743"
"201021","703.40","709.50","695.30","703.40","1833185751.80","2606119","65617"
"211021","706.95","711.00","691.00","694.55","2404552900.05","3427729","81087"
"221021","700.00","702.00","678.00","690.75","2445151195.50","3533890","85939"
"251021","690.75","693.55","676.50","683.25","1904777044.55","2786630","97081"
"261021","685.00","695.00","684.10","690.05","1805576797.45","2616174","64885"
"271021","689.90","699.95","688.35","693.85","1464775523.50","2103049","45917"
"281021","693.85","695.70","680.20","683.10","1009218310.90","1471621","58340"
"291021","682.50","689.00","675.50","680.45","1378215926.60","2021722","81802"
"011121","680.45","693.45","680.35","689.80","1084729779.85","1575508","58182"
"021121","694.00","697.65","691.25","692.65","1319345313.05","1898373","58297"
"031121","695.05","698.50","685.80","692.30","869865889.35","1256308","31051"
"041121","699.90","699.90","695.00","696.40","285202234.35","409164","24377"
"081121","702.50","704.95","692.00","703.25","1699382574.30","2429656","65534"
"091121","709.70","709.95","698.80","706.45","1866669876.00","2647708","61537"
"101121","705.50","708.00","700.60","706.50","1464982259.45","2077910","51696"
"111121","706.00","706.90","700.15","702.60","774293506.90","1102633","37040"
"121121","708.85","722.00","704.80","720.60","3835765914.60","5345270","116405"
"151121","723.95","723.95","711.20","714.60","1371792207.70","1917369","61750"
"161121","718.00","719.40","711.25","713.60","1358077198.85","1900114","70587"
"171121","714.20","722.40","708.40","711.05","1760991927.55","2453920","71835"
"181121","711.05","715.00","702.30","704.50","1207779801.25","1708655","64378"
"221121","706.90","709.75","684.30","688.85","1463038078.95","2109072","73121"
"231121","688.80","699.40","686.00","695.40","1442337437.95","2081366","62748"
"241121","698.40","704.45","682.85","687.20","1458091812.90","2093430","84792"
"251121","690.00","694.50","685.50","688.80","1340026887.85","1943112","79195"
"261121","685.00","689.00","667.10","670.65","1513991509.10","2236662","86120"
"291121","669.60","686.00","658.80","683.65","3307937995.85","4901166","122207"
"301121","682.00","689.75","672.65","680.80","7860724283.60","11535239","141040"
"011221","680.00","695.00","678.05","693.85","2217127447.40","3209799","97538"
"021221","696.00","706.75","694.00","705.30","1633699880.75","2331496","90336"
"031221","707.25","707.25","688.15","690.95","1312043886.30","1878712","56067"
"061221","691.00","693.75","682.50","684.20","956333293.45","1393577","44273"
"071221","688.00","696.20","683.85","694.40","1700087900.50","2459318","52013"
"081221","698.10","698.85","684.70","686.40","2527626389.20","3678237","84628"
"091221","689.90","690.30","681.20","683.15","1129276900.75","1650779","60803"
"101221","684.90","686.00","680.25","684.75","690635535.65","1011025","38625"
"131221","685.00","688.40","673.00","674.40","1377703892.25","2026297","51369"
"141221","678.00","678.00","665.65","669.50","1399724077.50","2093071","59985"
"151221","670.00","675.30","665.10","672.85","1327033037.55","1981529","54060"
"161221","674.20","677.45","667.95","669.50","942513997.50","1404782","48612"
"171221","667.00","669.95","654.40","656.60","1564499365.85","2377387","74745"
"201221","654.00","654.00","627.00","633.60","1571235865.35","2473370","97004"
"211221","640.00","643.95","633.00","638.75","1047801536.75","1640601","54905"
"221221","640.05","643.30","636.00","639.90","775531726.50","1212183","43414"
"231221","641.05","644.60","636.80","640.50","1378488264.20","2150523","89421"
"241221","641.20","643.00","634.15","637.35","754388086.00","1183083","41048"
"271221","635.00","642.35","630.10","639.75","755442628.90","1185438","40218"
"281221","641.75","643.65","639.00","642.30","780550411.90","1217603","41964"
"291221","645.00","646.75","639.10","644.75","968300368.30","1505964","41178"
"301221","644.75","645.35","640.10","640.90","822562622.25","1280995","48396"
"311221","645.35","655.00","642.15","649.55","1034934768.85","1592842","39167"
"030122","654.00","654.65","646.30","650.50","1228756262.65","1892087","55428"
"040122","652.40","655.00","649.05","653.15","1494124203.75","2293391","60003"
"050122","655.00","658.25","650.65","653.55","2175409412.20","3326875","66032"
"060122","651.00","651.95","644.90","646.90","1649057572.30","2548339","56617"
"070122","647.00","662.95","646.00","660.30","1419145405.70","2168995","50615"
"100122","666.00","669.70","660.00","662.95","984176321.70","1480419","43338"
"110122","662.95","665.90","656.25","658.15","978297215.60","1484964","57721"
"120122","658.30","674.25","658.30","673.25","1396492960.90","2091488","61456"
"130122","673.90","676.40","668.40","670.35","1214713336.95","1807858","54194"
"140122","668.00","674.85","666.20","671.45","867818908.85","1292789","49707"
"170122","671.00","675.55","668.00","674.15","845351867.00","1255654","43247"
"180122","678.00","678.80","666.75","669.10","658389673.40","979679","38975"
"190122","665.00","667.40","652.25","656.05","1279255495.75","1945857","59771"
"200122","654.60","660.60","647.55","649.45","932540320.40","1429228","65301"
"210122","645.00","646.95","633.35","641.45","1893167474.55","2963518","76226"
"240122","639.85","639.85","619.10","627.60","1647587043.15","2628472","98503"
"250122","627.20","633.50","617.00","630.80","1147563906.40","1827902","88927"
"270122","625.80","625.90","617.15","621.50","1190009905.25","1914985","70211"
"280122","621.35","632.90","619.05","620.45","825463272.20","1317526","41582"
"310122","625.50","627.50","615.45","622.45","2720350612.90","4374943","88099"
"010222","626.25","638.55","617.60","623.90","2620877792.85","4159628","99344"
"020222","624.10","645.80","624.10","644.15","1908012310.40","2989002","75500"
"030222","646.05","647.30","631.05","634.40","1327169411.70","2076930","47989"
"040222","637.00","637.00","622.10","624.35","1197004209.00","1909456","57560"
"070222","620.10","623.70","600.00","603.25","1841345580.55","3030728","103252"
"080222","606.40","607.85","594.00","600.45","1173932813.45","1954492","64626"
"090222","606.75","606.75","596.10","600.20","1586275465.80","2644690","69386"
"100222","600.20","611.50","590.45","606.25","3737389483.05","6231536","129569"
"110222","600.70","601.50","593.00","595.35","1526474791.50","2557745","63303"
"140222","588.00","589.80","555.00","557.30","4052768307.90","7168038","205515"
"150222","564.00","574.50","551.60","573.60","2413848248.45","4282324","116273"
"160222","577.00","592.90","576.30","586.35","4094091392.75","6991082","103733"
"170222","586.10","595.40","581.25","592.60","2091279957.75","3542326","82488"
"180222","590.00","597.50","587.45","590.95","1551965693.25","2613689","56437"
"210222","583.55","589.40","576.55","582.00","1408596272.00","2415405","54607"
"220222","577.00","577.00","565.00","572.75","1686588446.35","2952243","80585"
"230222","572.75","578.00","565.50","569.05","1103217238.75","1929381","59311"
"240222","559.00","560.00","529.05","532.95","2992754591.65","5515851","139046"
"250222","540.00","545.55","533.85","538.90","2745263480.65","5087685","125003"
"280222","532.00","532.50","520.25","523.20","5587451632.60","10669560","134894"
