"031017","735.00","740.00","701.70","707.55","25650324677.10","35367877","920703"
"041017","710.15","710.75","699.00","703.65","2545355624.35","3613280","166791"
"051017","704.55","704.55","686.10","694.55","1858094198.60","2680742","108948"
"061017","693.90","702.00","689.00","696.75","984831093.15","1416485","56442"
"091017","694.10","702.50","694.10","698.65","665822635.30","951473","45968"
"101017","698.35","701.20","695.55","700.00","388369756.95","555002","41515"
"111017","700.00","703.00","686.00","689.90","751672800.35","1077409","35472"
"121017","691.10","694.00","685.00","687.70","302723205.10","439314","21618"
"131017","688.95","695.05","680.00","689.70","923764485.05","1344510","41549"
"161017","686.00","689.45","669.00","670.10","654564436.90","971834","65404"
"171017","670.50","674.00","669.00","673.05","445674199.55","664335","60160"
"181017","671.00","672.85","664.15","668.40","277629647.75","415712","42451"
"191017","666.10","678.25","666.10","675.10","62940792.70","93358","3339"
"231017","670.00","673.80","665.00","665.80","195534117.55","292330","23506"
"241017","663.80","671.45","663.00","665.85","233990935.95","350373","31547"
"251017","667.00","673.45","658.10","669.90","387912917.55","583868","27392"
"261017","669.90","669.90","660.50","666.85","160913995.30","242175","18428"
"271017","663.20","666.05","659.00","662.20","262436754.25","396395","20201"
"301017","665.00","665.00","649.90","655.00","761719173.80","1164020","92771"
"311017","655.80","669.00","655.80","662.10","932236614.30","1402840","47194"
"011117","664.00","664.85","642.25","647.05","560898604.60","859011","25321"
"021117","647.05","653.60","641.20","642.75","370396385.75","574130","17527"
"031117","643.05","653.50","641.10","642.25","432675212.25","672547","21356"
"061117","642.65","659.90","642.65","656.75","316306636.20","483071","25562"
"071117","659.00","659.00","639.55","642.35","497729123.40","763293","26717"
"081117","649.00","649.00","629.00","631.60","536758284.65","843603","27087"
"091117","633.00","670.40","633.00","657.95","231448358.40","356798","20821"
"101117","655.10","679.20","655.10","676.55","528304784.70","784443","36201"
"131117","665.00","680.80","663.00","665.00","128864479.80","192279","9837"
"141117","655.20","667.75","654.00","660.00","230458399.20","350594","8260"
"151117","650.10","660.05","644.40","649.35","174911716.45","269314","12835"
"161117","648.60","659.20","642.80","649.90","170230659.15","261879","9364"
"171117","653.00","663.70","645.10","659.55","2089923150.65","3200674","63429"
"201117","657.30","665.00","656.50","661.45","470511219.25","712433","16572"
"211117","660.00","696.40","660.00","687.45","1419245723.85","2077453","60426"
"221117","689.00","698.95","681.15","693.15","464052411.65","669175","24056"
"231117","689.00","689.00","664.00","666.30","557525423.60","827451","24788"
"241117","668.00","670.45","655.00","655.70","394835920.85","599114","25380"
"271117","655.55","662.70","651.85","653.70","156956796.75","239417","8767"
"281117","653.00","666.95","652.00","653.45","177007387.25","269211","9384"
"291117","654.05","658.40","650.80","656.20","169241877.35","258606","15592"
"301117","665.95","665.95","653.85","654.90","207345629.45","316178","19545"
"011217","658.00","658.00","652.25","655.90","56767647.25","86648","7293"
"041217","660.00","665.80","653.05","661.75","107542413.50","162592","9073"
"051217","660.00","662.15","653.55","659.10","82594595.75","125688","10200"
"061217","654.05","660.00","654.05","656.10","138541374.50","210799","13980"
"071217","655.10","670.00","651.00","668.40","184667954.05","279051","13538"
"081217","664.05","689.90","664.05","685.70","327906481.45","480717","24735"
"111217","680.00","682.75","671.05","674.75","82528698.95","122163","10476"
"121217","671.05","682.00","671.00","676.05","82609288.20","121938","14819"
"131217","671.05","682.00","657.00","675.35","174656497.30","260250","12400"
"141217","675.10","683.00","673.30","679.90","302169969.65","444539","24866"
"151217","680.50","691.00","678.00","689.00","240581141.55","351667","23823"
"181217","681.45","694.00","665.00","692.15","178487394.60","259324","17125"
"191217","688.10","699.90","688.10","697.30","239025797.20","343970","17722"
"201217","692.15","703.75","692.15","697.15","372450179.30","531872","23520"
"211217","693.30","704.40","693.30","701.80","182106432.10","259491","21287"
"221217","694.00","703.90","694.00","702.85","274131215.00","390144","12981"
"261217","702.75","707.80","697.20","701.70","191811847.05","272983","12100"
"271217","700.00","702.00","695.10","700.45","114788259.85","163978","11709"
"281217","697.00","703.00","690.55","698.90","188251223.60","269410","8374"
"291217","695.45","705.40","693.00","695.35","467548208.35","667407","10509"
"010118","694.00","703.00","694.00","699.50","122066043.30","174646","4526"
"030118","685.05","695.00","680.25","690.50","86627004.45","125483","6908"
"040118","694.60","702.20","690.00","701.60","287552621.50","411800","13183"
"050118","700.00","704.90","699.00","701.95","137525188.80","195946","11837"
"080118","692.00","706.90","692.00","704.15","218280065.15","310252","13596"
"090118","700.15","719.95","700.15","717.25","432435609.45","605429","27007"
"100118","714.85","715.00","706.10","711.60","211115949.15","297500","9513"
"110118","707.00","714.70","699.00","703.80","79981737.55","113144","4940"
"120118","703.80","709.00","700.00","701.75","65772469.50","93456","3939"
"150118","701.50","724.60","701.50","716.75","549228820.00","764541","23363"
"160118","716.00","716.00","696.00","700.85","237204570.40","338329","11277"
"170118","696.00","714.80","691.65","705.25","163371119.85","232397","16924"
"180118","706.60","712.00","700.10","707.80","229090015.10","323715","11927"
"190118","705.05","713.95","701.45","711.50","207128447.70","293534","10037"
"220118","704.10","717.00","701.85","714.65","330627271.10","464739","9452"
"230118","710.00","722.00","710.00","716.90","286511592.25","399677","20659"
"240118","711.20","714.30","698.00","702.60","141389216.75","200051","10895"
"250118","702.50","707.00","661.15","682.05","290138285.10","424803","19868"
"290118","682.00","689.45","680.00","681.85","98430852.70","143914","6643"
"300118","681.70","681.70","663.30","667.90","227180923.55","339031","13983"
"310118","670.00","681.50","653.75","660.65","215635185.20","324432","12090"
"010218","665.00","722.00","660.50","708.70","1079483725.25","1539000","33039"
"020218","708.40","733.25","691.10","718.30","1274609360.15","1772440","47446"
"050218","716.45","716.45","690.00","695.05","248047483.65","352909","26790"
"060218","670.00","705.00","665.00","695.25","276416725.05","399206","13545"
"070218","700.05","715.00","700.05","713.70","223785883.70","315230","13227"
"080218","717.10","720.00","711.05","715.00","114536604.95","159852","10370"
"090218","700.00","717.65","699.00","709.90","113176239.10","159318","12452"
"120218","709.00","718.00","681.50","685.80","477660321.00","689547","16914"
"140218","689.00","695.00","679.50","682.25","214615519.45","312807","14626"
"150218","685.00","695.00","673.20","682.40","193103739.40","282049","13985"
"160218","688.00","694.55","685.65","689.25","156501639.35","226925","15551"
"190218","700.00","705.00","678.60","685.25","291636194.05","423633","26295"
"200218","687.00","690.00","670.00","674.65","117799376.95","172882","9975"
"210218","680.00","682.95","662.45","675.50","287765365.10","428939","20539"
"220218","675.00","675.40","664.00","666.20","157832443.65","235890","17323"
"230218","670.00","679.75","666.15","675.70","194922843.70","288608","27954"
"260218","680.00","689.75","674.25","682.20","186348278.05","271771","20036"
"270218","681.50","690.80","676.00","689.45","150767910.35","219932","7813"
"280218","689.40","698.70","682.10","694.50","247889703.10","360647","11069"
"010318","695.90","696.00","686.00","690.00","188632358.70","272512","9111"
"050318","689.00","689.00","666.00","672.55","204365193.50","301455","8020"
"060318","678.00","682.10","651.00","655.05","163179537.05","245988","14876"
"070318","657.00","659.95","650.05","652.60","125741549.40","192215","13365"
"080318","653.60","659.45","647.00","653.30","74345183.55","113706","7981"
"090318","657.50","674.40","650.55","670.30","320974017.30","483527","34047"
"120318","670.20","689.90","668.80","678.55","111151881.20","163349","10062"
"130318","677.00","685.00","672.00","677.50","49786427.00","73256","5487"
"140318","673.00","683.50","667.50","674.15","205495335.85","305570","11492"
"150318","672.50","676.75","671.05","675.00","94887191.65","140732","5828"
"160318","675.00","677.35","666.00","668.45","100497931.25","150189","20680"
"190318","666.45","681.80","666.45","674.10","93729173.35","138766","6038"
"200318","669.00","688.50","668.40","686.60","114268247.35","167488","9290"
"210318","686.10","691.00","670.55","672.90","267761354.55","395902","22069"
"220318","675.00","679.00","662.05","664.90","98288530.15","147381","9678"
"230318","660.05","673.90","658.00","664.50","149878815.45","225060","19828"
"260318","660.15","669.45","659.00","663.10","123797952.45","186540","13598"
"270318","667.00","680.80","666.05","672.95","249374489.50","369173","26882"
"280318","668.95","711.00","664.00","678.25","300862149.15","446572","16837"
"020418","681.00","695.00","681.00","683.90","180308059.75","263227","14676"
"030418","686.00","686.00","675.00","680.00","530492246.55","783770","18770"
"040418","681.05","690.95","677.10","679.95","354382876.15","520436","45408"
"050418","680.50","687.65","674.15","675.00","349368221.95","514819","18099"
"060418","679.65","685.00","674.00","679.65","451275631.00","667025","29561"
"090418","675.55","685.00","675.00","678.70","603352568.35","886583","25921"
"100418","678.00","699.95","678.00","695.70","659904542.55","955511","32764"
"110418","691.00","720.00","691.00","719.00","509043585.20","715637","37873"
"120418","713.55","724.70","712.00","719.05","477555303.15","665026","20752"
"130418","714.00","720.00","706.35","711.65","486290235.00","681889","13512"
"160418","702.00","712.50","702.00","708.90","276129262.35","389870","10602"
"170418","710.00","723.00","708.20","721.40","220586929.25","307669","26367"
"180418","715.90","724.50","713.05","721.35","173905382.30","241773","26952"
"190418","716.05","724.95","713.90","722.90","164473811.20","228583","29657"
"200418","718.00","721.95","710.10","716.15","82526519.65","114992","16127"
"230418","712.10","725.00","712.10","716.95","376424137.60","523622","26597"
"240418","717.00","755.00","714.95","746.00","870568719.25","1182526","57784"
"250418","749.90","768.80","746.05","766.10","1336831906.10","1763048","88137"
"260418","767.00","771.05","742.65","762.80","1028832399.85","1352072","76696"
"270418","750.00","774.60","745.00","758.85","532696810.60","700854","33234"
"300418","756.00","762.85","732.00","743.10","334590765.20","448784","45167"
"020518","736.50","757.65","736.50","746.55","386273052.40","514382","45515"
"030518","746.55","752.05","716.25","732.00","191333517.50","259083","17293"
"040518","725.00","728.95","700.10","702.10","287245100.75","405214","26012"
"070518","704.00","714.60","696.30","703.60","205180374.65","291749","16795"
"080518","708.90","708.90","692.25","702.45","179939082.35","256284","19247"
"090518","704.90","709.00","691.00","699.95","1240777740.85","1771037","27001"
"100518","702.90","719.00","693.00","713.75","415540471.50","589720","31880"
"110518","711.05","715.90","696.05","698.30","284185572.55","402458","24678"
"140518","702.00","704.55","688.00","691.15","158141879.05","226655","14096"
"150518","690.00","699.00","672.20","678.90","392865664.75","579274","51489"
"160518","674.00","683.00","665.05","667.65","426751789.80","632333","21039"
"170518","670.10","679.70","665.50","669.70","136134257.10","203078","28767"
"180518","669.00","673.70","663.05","665.20","149564307.60","224549","8602"
"210518","663.00","706.70","647.00","655.20","198665305.25","297261","16985"
"220518","656.00","670.00","655.90","659.95","266663043.70","403662","16995"
"230518","664.80","684.00","659.30","679.05","238144959.60","355517","18861"
"240518","673.65","686.85","671.60","678.30","50959780.60","75038","8419"
"250518","675.00","688.00","673.05","683.85","62166875.30","91418","12753"
"280518","681.75","698.35","679.90","685.35","567821648.35","824327","35590"
"290518","680.40","702.50","680.00","695.30","721610547.15","1042346","22540"
"300518","694.50","698.80","685.10","694.30","144927341.05","209019","19464"
"310518","690.35","698.25","670.55","689.80","140924607.10","205322","12269"
"010618","688.90","692.65","673.65","676.00","170087550.95","250207","17320"
"040618","676.20","680.00","658.50","660.05","422413689.55","635824","28746"
"050618","660.05","672.80","660.00","665.00","126249095.70","189718","39503"
"060618","669.00","686.40","662.00","683.10","118270484.95","174179","13912"
"070618","689.95","697.00","681.10","692.00","234672600.65","339268","40400"
"080618","685.50","696.90","681.55","692.35","159633793.80","231427","21603"
"110618","688.50","714.00","688.20","712.50","618493243.85","872476","41560"
"120618","708.20","729.90","708.20","719.90","489457487.40","678290","46023"
"130618","715.70","729.90","700.00","702.25","410717741.00","584484","36643"
"140618","701.95","701.95","686.00","689.90","319780187.15","463811","32169"
"150618","685.35","689.10","668.10","671.80","2807321353.60","4172714","90070"
"180618","676.70","684.05","670.00","671.85","107432985.55","159457","8512"
"190618","667.00","680.00","667.00","673.45","257406945.20","382091","17403"
"200618","673.45","686.00","673.45","676.20","200432864.55","294569","12976"
"210618","676.20","685.75","675.00","675.45","130908387.85","192773","8333"
"220618","678.80","692.50","678.80","685.20","109267403.50","159149","6466"
"250618","686.00","698.90","677.70","689.75","119514483.65","173207","9413"
"260618","689.75","694.35","678.40","684.70","96939259.30","141038","5116"
"270618","681.55","688.85","674.50","677.75","147277278.15","216975","11984"
"280618","681.10","681.10","658.05","666.40","169844909.95","255422","26758"
"290618","666.00","685.00","666.00","674.35","109956879.90","162407","9792"
"020718","675.30","683.85","660.85","669.40","84885214.15","125314","10106"
"030718","670.50","674.40","665.65","670.25","56660441.85","84524","5931"
"040718","668.00","672.00","661.40","664.05","89588541.70","133985","5139"
"050718","670.00","670.50","663.00","665.10","89601554.70","134614","8559"
"060718","669.80","670.00","664.25","668.05","111388060.15","166887","9309"
"090718","665.00","670.00","660.75","664.85","89191167.25","134065","6764"
"100718","669.70","669.70","660.00","661.35","219171352.20","330679","19694"
"110718","659.95","664.05","659.95","662.10","194801309.95","294280","5066"
"120718","664.25","667.35","661.40","664.70","91884056.55","138269","6420"
"130718","662.00","665.00","659.00","661.05","65144699.15","98347","12583"
"160718","661.10","661.55","655.00","656.20","36647353.45","55711","8409"
"170718","655.20","666.00","654.50","664.55","37671956.35","56942","3677"
"180718","667.00","668.00","640.00","649.20","179419722.05","273188","8949"
"190718","650.00","656.95","631.00","633.75","121165106.20","190097","6926"
"200718","632.00","638.00","628.00","633.05","187084570.65","295830","8444"
"230718","633.50","657.20","630.00","652.75","82667813.55","128365","5507"
"240718","652.50","658.15","647.40","654.65","64681966.95","98615","4926"
"250718","655.70","664.80","651.10","659.75","202784827.90","309730","10970"
"260718","663.00","682.00","658.25","673.20","234287526.15","349706","19691"
"270718","684.80","697.70","672.65","694.05","259524585.30","378854","31620"
"300718","694.05","703.55","684.50","689.35","77173749.80","111734","10205"
"310718","683.20","711.70","682.55","686.00","209319567.50","300404","26544"
"010818","691.10","708.25","686.95","695.35","98888874.85","141857","9738"
"020818","691.20","705.00","685.55","695.20","109301194.45","156616","15830"
"030818","704.00","704.00","686.00","689.80","60087576.75","86846","5663"
"060818","691.00","697.40","680.10","686.60","94399189.50","137689","5693"
"070818","695.80","695.80","683.00","686.10","127941190.75","186264","7040"
"080818","686.10","689.05","673.75","677.20","59095403.25","86449","4174"
"090818","684.40","684.40","669.00","673.40","91883293.05","136388","7725"
"100818","675.00","675.95","644.00","649.90","234996391.15","357324","12087"
"130818","653.00","661.55","651.00","653.70","149129159.55","227848","17306"
"140818","655.00","662.00","653.75","658.85","26984201.65","40999","5149"
"160818","661.00","663.35","646.15","648.55","202804223.35","310896","11389"
"170818","653.75","658.70","652.05","654.95","98920348.90","151040","11620"
"200818","661.00","674.00","660.05","672.55","114736347.15","171665","7381"
"210818","672.60","684.00","663.60","670.10","80320195.85","118889","5990"
"230818","675.10","675.10","667.05","670.05","52120591.35","77770","7032"
"240818","666.60","673.60","660.10","660.85","90467540.40","136148","6645"
"270818","665.00","670.00","657.00","660.40","69658319.20","105281","6716"
"280818","660.00","663.40","654.00","658.25","108131497.65","164292","6673"
"290818","660.00","673.50","658.25","669.30","143884870.40","215118","8790"
"300818","672.85","674.80","650.55","664.20","216325236.75","325212","7108"
"310818","664.15","678.00","659.20","672.40","81432581.05","121399","4203"
"030918","668.60","675.00","665.00","666.95","59252605.45","88542","4550"
"040918","671.40","675.00","663.05","664.85","55245811.70","82766","5041"
"050918","660.05","672.45","660.05","669.40","112990230.20","169872","10885"
"060918","669.40","681.90","666.45","679.05","94532984.10","139910","9561"
"070918","680.50","685.00","671.10","676.10","914797754.70","1353205","5261"
"100918","671.20","686.85","671.20","676.00","85394338.35","125634","8164"
"110918","674.05","682.00","671.40","676.60","265087655.30","391766","14299"
"120918","673.40","675.85","663.00","673.30","156027299.95","232965","9293"
"140918","671.25","678.00","666.30","670.05","480779583.30","717060","11743"
"170918","664.65","668.60","633.00","642.65","1303012806.65","1979234","15327"
"180918","642.00","642.00","619.90","623.00","220524387.55","350633","25358"
"190918","623.35","635.00","610.00","612.45","129442149.60","208275","15172"
"210918","616.00","629.70","589.50","613.35","699139933.60","1139496","33354"
"240918","610.00","610.00","582.00","586.90","169918017.35","287803","15752"
"250918","575.00","582.00","555.00","566.05","208621426.35","367015","29576"
"260918","574.95","590.00","571.35","577.25","82143525.90","141456","12447"
"270918","581.55","581.55","546.00","551.80","342302133.75","615329","32797"
"280918","560.00","560.00","508.00","511.60","274767529.75","527415","27016"
"011018","512.00","533.00","485.00","521.35","289636554.55","568704","17317"
"031018","525.00","554.50","521.35","542.05","658495010.45","1232831","44618"
"041018","542.30","584.00","535.00","565.40","989503098.60","1801469","32764"
"051018","567.60","580.70","540.05","558.30","502105315.85","874787","34302"
"081018","565.00","566.50","533.10","549.45","128861106.75","237685","11733"
"091018","553.85","564.40","540.05","540.30","112181703.10","205413","10718"
"101018","540.00","595.00","535.95","561.05","84327590.85","152186","8770"
"111018","560.00","560.00","532.00","540.85","120973574.90","223216","20898"
"121018","550.00","554.80","540.50","552.50","116943687.90","213930","19107"
"151018","556.00","556.00","535.00","538.70","144046728.15","266017","34441"
"161018","542.20","549.55","538.70","546.60","274771117.10","505786","11460"
"171018","551.00","567.00","549.00","559.95","212750926.15","379784","25850"
"191018","558.00","581.85","555.25","564.15","726991959.90","1287121","23578"
"221018","574.00","578.00","553.05","557.85","565391977.10","1008814","20443"
"231018","547.20","586.05","545.10","579.45","399337117.00","719595","11865"
"241018","586.00","599.80","558.25","563.75","130596175.15","226896","22576"
"251018","563.55","569.00","556.85","563.40","63151992.75","112717","10686"
"261018","563.05","578.00","552.00","570.40","325261559.20","587007","7875"
"291018","568.05","585.00","566.05","578.90","229375016.30","398793","32872"
"301018","580.00","580.00","556.15","558.90","89368880.25","158937","19021"
"311018","558.50","567.00","547.05","560.40","53594010.35","96124","9533"
"011118","558.00","569.00","557.50","563.80","61477240.50","109226","10982"
"021118","561.20","571.95","560.25","563.30","85854659.25","151367","8850"
"051118","558.00","580.00","558.00","577.90","80765933.35","140781","12239"
"061118","573.60","590.90","573.60","579.65","151370654.85","259120","16112"
"071118","589.00","589.00","575.75","577.75","19808225.20","34093","1565"
"091118","580.00","588.80","571.10","574.85","309727809.85","531454","19326"
"121118","572.00","582.75","570.45","575.05","207170741.25","359942","17410"
"131118","571.30","575.65","560.85","572.15","62834521.60","110885","8196"
"141118","576.00","585.00","572.05","583.00","251150311.70","431328","8499"
"151118","584.00","584.00","576.55","579.05","90930105.00","156975","7869"
"161118","581.90","581.90","567.00","577.30","36893440.10","64388","8915"
"191118","583.90","583.90","566.10","568.75","251336918.60","438124","6812"
"201118","572.00","572.00","562.00","565.55","159835313.15","282576","7498"
"211118","566.05","570.25","558.10","560.20","120679190.30","215124","7915"
"221118","560.00","579.50","560.00","572.70","333883085.30","588100","21142"
"261118","566.35","574.95","560.10","568.20","30464634.60","53829","6708"
"271118","567.00","574.00","563.25","570.50","29937731.20","52652","4189"
"281118","568.00","584.00","566.00","568.95","69138742.45","120739","9976"
"291118","572.50","574.50","565.00","571.65","85676414.35","150064","5815"
"301118","571.65","577.70","569.10","571.40","23334900.40","40722","3429"
"031218","565.20","572.00","562.00","569.35","36102826.15","63727","6595"
"041218","569.00","578.00","565.15","569.85","164391340.85","288155","21227"
"051218","565.00","575.00","565.00","572.80","48934768.45","85850","7572"
"061218","573.00","578.00","563.00","567.80","43346469.65","76272","4824"
"071218","568.00","571.90","559.35","562.55","58625694.10","103784","7518"
"101218","558.00","570.00","555.00","562.45","64818127.15","114905","11101"
"111218","556.15","565.95","556.15","562.65","59052464.00","104981","13190"
"121218","567.75","572.00","562.80","570.25","41299028.10","72595","6969"
"131218","574.95","575.00","562.25","571.00","85967707.85","151320","31679"
"141218","571.00","574.80","550.50","567.00","55538733.10","98357","13997"
"171218","567.00","594.00","567.00","589.80","135014128.75","230206","21635"
"181218","598.00","607.15","576.35","587.60","242611991.10","413782","43517"
"191218","590.95","590.95","577.65","583.05","90795733.30","155299","10141"
"201218","580.60","596.00","575.65","592.45","79220720.65","134271","14086"
"211218","593.15","605.55","577.30","597.50","1209344778.15","2025095","25148"
"241218","584.90","589.60","576.55","579.45","84114320.00","144403","17583"
"261218","576.00","584.00","570.15","574.85","46995751.80","81515","9170"
"271218","544.00","605.00","540.35","590.60","534088532.20","926443","56958"
"281218","600.00","605.00","587.25","598.80","311504573.60","519520","44065"
"311218","595.00","605.80","595.00","597.85","101798884.60","169943","10152"
"010119","595.25","601.80","592.20","598.85","24464011.80","40902","2311"
"020119","593.40","604.00","593.40","601.70","69367104.50","115282","13943"
"030119","598.40","603.00","590.00","600.05","248675468.55","415471","27772"
"040119","603.00","615.00","600.00","602.85","72333353.85","119061","10842"
"070119","602.85","608.85","597.70","602.45","190856401.40","316222","20192"
"080119","600.00","626.90","600.00","612.50","132201953.75","214725","13896"
"090119","615.00","649.75","615.00","642.95","192925907.70","304725","20699"
"100119","642.10","648.40","631.00","634.75","106189310.15","165683","13956"
"110119","635.00","643.00","630.00","638.50","109722393.40","171998","14604"
"140119","633.00","636.65","618.25","620.10","227350968.40","366016","7886"
"150119","624.00","631.15","620.00","623.90","42839095.30","68669","11026"
"160119","622.50","630.30","618.00","621.40","274815430.95","440003","23642"
"170119","621.50","633.55","618.00","623.35","235582454.70","377003","14445"
"180119","627.00","629.50","615.00","620.20","66799980.90","107504","10803"
"210119","625.00","644.70","612.50","617.65","268587231.45","427431","25294"
"220119","620.00","629.80","611.70","619.90","59429901.80","95583","10748"
"230119","623.00","628.90","612.20","620.00","98906977.45","159259","4271"
"240119","620.00","629.40","615.10","618.25","80584868.05","129335","13492"
"250119","627.45","633.00","615.65","619.60","138858621.00","222746","23350"
"280119","621.00","624.45","595.25","599.25","172077558.40","285382","26705"
"290119","600.10","617.95","595.70","606.10","184032182.00","302014","14935"
"300119","607.00","616.40","596.00","599.95","158337572.50","260752","9420"
"310119","600.50","607.75","593.70","595.00","467553064.45","780410","8739"
"010219","600.00","604.00","588.10","590.95","324491473.25","546770","11167"
"040219","594.00","599.00","571.10","589.75","85455859.85","146249","15254"
"050219","589.75","594.00","582.00","584.00","31379318.10","53619","5185"
"060219","585.00","590.00","575.00","579.40","402951422.30","690808","35071"
"070219","580.00","584.40","575.05","577.25","330127881.15","570245","11752"
"080219","577.25","583.95","575.00","577.55","75494687.55","130409","6449"
"110219","576.00","579.10","561.05","566.85","193678740.50","339881","12993"
"120219","569.85","585.65","562.10","574.70","166275755.10","288095","11415"
"130219","574.00","579.95","564.00","569.85","178911764.55","310406","5439"
"140219","569.90","574.50","564.90","568.55","13762927.85","24238","3713"
"150219","568.55","575.80","562.00","568.85","41084323.65","72417","4849"
"180219","569.50","572.10","563.30","567.45","19268946.40","33962","3373"
"190219","573.65","573.65","560.90","562.45","51838654.75","91484","8445"
"200219","564.60","571.10","556.00","561.60","650248609.95","1156061","10445"
"210219","562.00","565.70","560.00","561.90","54758728.25","97421","5463"
"220219","565.25","570.00","556.75","559.85","116852907.35","207746","14133"
"250219","563.00","564.85","555.35","561.00","143841857.80","256241","10665"
"260219","561.00","564.00","555.00","559.40","115161982.05","205333","4240"
"270219","563.00","565.95","561.10","563.30","51749953.60","91914","6332"
"280219","565.00","582.00","565.00","578.55","134344385.30","232357","7257"
"010319","581.95","622.10","515.55","607.90","6679254592.00","11513018","209264"
"050319","599.00","617.00","596.10","607.75","590086124.05","967319","28642"
"060319","608.00","621.80","602.00","607.95","363161574.60","594253","21895"
"070319","610.00","612.40","590.00","592.10","196152233.30","326651","20697"
"080319","587.00","596.40","585.40","587.15","115575303.70","195823","9188"
"110319","589.75","626.40","587.40","622.45","424100362.20","693313","28301"
"120319","623.00","634.90","612.00","622.90","250087173.90","398863","21670"
"130319","618.00","621.50","610.20","615.35","156114711.40","253418","22802"
"140319","619.00","620.95","611.00","614.90","143860111.90","233675","33593"
"150319","613.10","619.75","611.00","615.05","311224141.05","505837","12555"
"180319","616.05","620.90","606.05","610.80","56075842.75","91435","5951"
"190319","613.00","622.75","602.00","611.90","635540769.80","1038136","15785"
"200319","613.85","620.00","607.60","612.85","499535623.55","816543","26541"
"220319","610.00","619.00","605.00","615.50","453241513.45","741217","17111"
"250319","602.05","616.95","602.05","611.05","57064976.35","93192","11373"
"260319","612.00","617.90","606.80","609.60","102241267.60","167512","13204"
"270319","607.45","620.80","607.45","618.70","186250495.80","302382","19738"
"280319","620.00","624.80","613.60","616.20","55472661.75","89907","3740"
"290319","614.00","614.00","581.60","583.40","3999585041.15","6792156","102214"
"010419","584.90","599.90","583.40","598.20","566159577.55","953998","40926"
"020419","600.00","603.90","591.05","601.15","412165178.70","687704","29952"
"030419","600.00","615.00","595.00","601.95","607218936.85","999883","49439"
"040419","603.90","603.90","590.00","594.70","636659324.35","1064749","56115"
"050419","598.00","613.90","596.10","612.10","518552126.80","855081","45138"
"080419","611.00","628.00","610.55","619.80","734419122.05","1180323","43004"
"090419","629.50","629.50","615.00","618.20","242107770.70","391977","26370"
"100419","621.00","626.50","617.00","621.35","292602377.00","471405","30479"
"110419","624.90","629.70","621.55","624.95","1073568932.90","1717441","40664"
"120419","627.30","627.35","620.30","625.20","125832088.05","201752","19962"
"150419","626.90","627.50","618.15","623.35","85749233.30","137884","9866"
"160419","626.00","626.00","615.10","617.70","238189592.85","382679","13677"
"180419","621.00","621.40","611.75","614.90","198728070.80","322285","27300"
"220419","617.85","624.70","605.25","616.30","262494639.20","427291","30216"
"230419","618.00","618.90","598.00","600.20","666284254.05","1108991","56225"
"240419","602.00","615.00","600.25","610.30","135941136.90","222954","21924"
"250419","609.60","619.70","608.05","614.35","139272788.45","225934","24957"
"260419","625.00","644.80","625.00","637.25","1398286372.75","2193690","104424"
"300419","635.10","644.75","635.10","639.85","510838721.20","798810","49695"
"020519","639.95","658.00","639.95","650.50","662725074.05","1022283","84277"
"030519","650.00","666.00","648.95","664.15","535185152.40","809596","71353"
"060519","660.00","667.80","652.20","660.00","338171944.50","510425","23192"
"070519","658.00","665.25","658.00","662.10","265320597.40","400330","45291"
"080519","655.05","661.40","649.95","650.55","190165249.55","290783","28575"
"090519","651.05","656.50","641.00","652.25","225483681.25","347971","65515"
"100519","650.10","668.00","639.20","642.05","495069837.50","758566","56782"
"130519","639.80","645.85","608.50","620.00","205324280.05","324189","40709"
"140519","618.50","638.95","594.65","615.60","759349279.80","1232277","127808"
"150519","624.00","649.60","616.75","628.85","346738721.50","552190","91956"
"160519","632.75","648.70","626.00","630.95","231514540.10","363954","33627"
"170519","634.85","645.95","623.35","629.75","244900617.00","387017","55579"
"200519","643.85","657.70","636.00","645.70","340371777.30","523465","61288"
"210519","650.00","664.00","646.05","659.70","260422364.35","396784","22130"
"220519","659.70","667.55","652.85","659.65","237800737.35","361789","33616"
"230519","665.00","683.90","665.00","671.40","356443691.25","528882","47472"
"240519","675.95","690.00","665.15","686.00","366058458.50","541134","39802"
"270519","682.00","704.00","681.50","698.90","1157416692.70","1669747","43743"
"280519","700.00","703.90","685.10","698.75","259616646.40","373366","22869"
"290519","688.15","703.00","678.05","680.00","875829814.35","1286226","31139"
"300519","680.00","686.60","674.00","679.90","372812698.35","550276","50863"
"310519","684.90","696.00","676.35","694.25","446588695.10","650980","38496"
"030619","687.00","701.00","686.50","695.60","116261329.90","167500","24600"
"040619","690.25","700.00","687.50","698.40","284738187.10","410079","21869"
"060619","697.00","700.35","689.50","696.35","919891160.75","1320152","12163"
"070619","698.90","702.00","694.05","698.45","474505314.90","680274","22465"
"100619","697.00","700.00","695.15","699.10","313861694.55","449355","12974"
"110619","695.50","705.00","694.05","701.00","281905859.85","402010","32492"
"120619","699.90","702.00","695.25","699.95","271511932.50","387860","45477"
"130619","700.00","709.00","694.00","699.35","306067888.20","437375","22589"
"140619","699.95","701.00","696.00","699.55","263073589.70","375865","29241"
"170619","701.40","707.00","698.30","700.00","342335241.30","486849","22720"
"180619","700.95","708.00","699.15","704.05","1099442947.25","1561472","41250"
"190619","706.00","709.00","686.25","696.30","253065797.95","358961","59222"
"200619","696.40","705.00","690.05","698.45","716884673.15","1024232","23361"
"210619","705.00","711.00","694.90","699.95","2526900384.40","3605899","53194"
"240619","705.15","713.40","698.95","710.60","266428716.15","376039","31635"
"250619","675.00","684.95","669.50","674.35","2380149688.55","3513192","61582"
"260619","695.50","744.00","692.75","717.45","4489447345.30","6255032","120210"
"270619","706.00","738.00","706.00","726.95","3007871913.05","4196283","98656"
"280619","725.00","734.85","717.00","723.70","860240121.10","1184510","47536"
"010719","724.80","739.00","716.05","735.90","445361202.50","610864","26746"
"020719","740.00","752.70","740.00","749.80","941009551.55","1257045","40694"
"030719","750.00","760.90","741.20","756.90","416413441.85","554389","25663"
"040719","760.00","762.25","752.55","757.40","206040102.20","271994","10828"
"050719","759.60","776.50","745.60","753.55","906743744.10","1195407","54838"
"080719","748.80","768.30","739.60","759.20","591335207.35","787426","21896"
"090719","755.00","763.00","747.60","759.00","449732545.55","594218","21051"
"100719","751.80","758.30","740.00","741.95","343963484.45","459594","31258"
"110719","744.00","762.00","744.00","754.10","220716613.00","292405","20385"
"120719","756.00","789.30","753.35","780.70","1409964068.95","1817841","80177"
"150719","780.50","794.90","766.00","783.55","459043829.95","585738","29462"
"160719","783.00","788.40","770.20","775.85","344156261.90","440957","19503"
"170719","773.00","793.10","757.00","765.25","685789257.60","880172","26786"
"180719","766.00","775.00","737.00","740.85","321551754.85","424234","19069"
"190719","745.35","751.00","731.85","744.85","429384545.45","577254","14477"
"220719","749.20","764.00","735.50","762.15","308349431.35","409528","22577"
"230719","764.00","780.00","764.00","775.95","549288061.05","708849","43286"
"240719","782.50","808.50","755.20","772.50","6627409304.30","8522595","82788"
"250719","769.90","800.00","769.05","797.40","708681996.25","892300","31746"
"260719","799.10","807.00","783.00","795.10","675772649.90","848649","50410"
"290719","793.00","805.45","782.30","797.35","521782208.15","655785","36429"
"300719","798.00","805.00","781.90","797.40","503281469.45","629929","32666"
"310719","783.00","800.00","775.00","797.55","387214604.70","490133","22375"
"010819","790.35","803.60","752.55","777.00","617257585.70","789834","40407"
"020819","757.30","803.00","757.30","791.65","737826228.80","941917","28288"
"050819","790.00","795.00","774.15","790.40","424530854.50","538695","24448"
"060819","788.10","800.05","780.10","787.20","555461158.20","700080","64936"
"070819","790.25","801.60","782.25","786.55","386409525.35","487084","26611"
"080819","795.00","827.00","783.30","812.90","869377065.85","1081958","66941"
"090819","810.55","814.80","795.10","801.70","576849144.60","714830","34637"
"130819","797.25","801.70","761.70","771.25","337573336.40","432634","25021"
"140819","780.00","816.80","776.00","812.15","836493541.40","1042108","53752"
"160819","801.10","838.90","801.10","835.35","1114355994.60","1340618","54252"
"190819","837.20","858.80","833.05","849.90","849855559.40","999684","50435"
"200819","850.00","862.45","831.55","853.85","877888302.15","1032233","60450"
"210819","852.50","857.00","824.20","829.45","394710964.70","469687","34494"
"220819","826.20","837.65","805.55","815.20","372545923.75","451114","28631"
"230819","814.95","830.05","812.25","821.25","449207440.30","545349","60573"
"260819","838.00","839.45","818.15","827.10","502080450.75","606859","40954"
"270819","827.00","847.00","827.00","834.25","711440421.90","851189","23899"
"280819","840.00","841.80","821.55","828.45","447385483.05","538964","27115"
"290819","827.80","839.80","822.30","835.10","282809527.90","338992","25730"
"300819","840.00","847.00","810.00","838.70","5449645423.40","6692265","50605"
"030919","832.80","848.65","796.35","811.20","487447001.65","592127","35945"
"040919","816.00","830.00","812.00","826.40","348488271.00","423307","43234"
"050919","831.55","835.00","820.70","831.25","276058920.30","332593","37271"
"060919","834.50","837.00","821.30","835.55","256837307.60","308380","20491"
"090919","833.00","835.00","801.10","806.80","521997545.85","640219","38900"
"110919","812.00","813.85","795.00","799.65","464620485.70","579309","46500"
"120919","788.95","798.95","784.20","792.85","2960419449.20","3737190","48388"
"130919","797.15","807.75","792.25","798.30","2943650030.50","3681750","75696"
"160919","785.90","798.75","785.00","796.45","1723962793.35","2172276","83168"
"170919","795.80","802.00","793.95","798.20","808983827.95","1013597","38417"
"180919","802.10","807.00","798.10","802.95","573136211.25","715018","27880"
"190919","804.00","805.00","799.00","801.85","365474572.60","456281","21236"
"200919","804.00","825.50","800.35","816.15","1562756630.80","1918256","116409"
"230919","822.00","822.00","789.00","791.70","1264894292.50","1590491","119592"
"240919","792.00","803.65","787.00","795.15","776366988.00","976843","88114"
"250919","793.30","799.90","777.10","796.55","816696111.25","1031592","62380"
"260919","798.25","823.70","798.25","816.40","1356657185.50","1672809","156558"
"270919","819.35","847.65","819.35","842.50","1663457478.65","1994366","78175"
"300919","842.80","851.60","836.25","846.40","813608409.15","961777","70162"
"011019","846.00","849.00","804.00","827.65","631599750.50","759109","63814"
"031019","827.90","836.15","820.05","830.65","378125952.60","455628","26520"
"041019","831.00","844.80","822.05","824.25","474252448.80","569471","35471"
"071019","824.00","836.00","821.05","827.90","283872176.80","341633","23668"
"091019","826.00","843.90","826.00","837.25","424443378.90","506576","50294"
"101019","835.20","848.00","805.70","827.20","4365434891.60","5286384","40327"
"111019","832.00","842.80","831.00","839.60","323023657.90","384745","31674"
"141019","846.10","847.60","822.00","828.70","305741738.90","366115","34474"
"151019","829.00","844.00","829.00","838.05","330732796.70","394890","38361"
"161019","836.50","892.50","832.00","877.35","3182157016.65","3634345","141694"
"171019","880.00","928.50","880.00","902.90","3364181618.15","3687636","167446"
"181019","905.80","930.00","899.00","925.95","1664358720.95","1819540","123937"
"221019","929.20","997.50","929.20","989.15","1978679357.60","2040975","100090"
"231019","994.00","1012.30","970.15","985.95","1346694223.95","1357514","96939"
"241019","991.40","993.95","954.65","969.65","957458560.90","982596","60352"
"251019","974.00","1000.00","965.25","982.15","961308801.55","975234","60895"
"271019","990.00","999.00","977.15","993.95","149532612.35","150916","7303"
"291019","998.50","1020.00","981.00","1014.35","884384202.50","880342","61519"
"301019","1016.00","1030.00","976.10","999.80","7482167453.90","7610404","99552"
"311019","1006.00","1013.30","987.00","991.50","847563918.05","849468","59507"
"011119","993.30","1009.00","993.30","997.50","655916776.45","655253","60723"
"041119","1003.00","1003.10","989.70","998.70","873334763.45","875743","65648"
"051119","1000.00","1003.00","966.10","969.80","1207276881.65","1230007","103509"
"061119","974.45","980.00","941.55","968.95","1365299038.90","1420970","85551"
"071119","973.40","991.00","968.20","986.45","1327834530.15","1351432","71426"
"081119","1006.00","1022.00","976.50","982.20","5625922773.00","5656687","277773"
"111119","982.00","982.00","968.45","969.95","2021792186.70","2078020","164757"
"131119","984.50","1000.95","966.20","988.15","3970602181.75","4039409","169687"
"141119","999.00","1013.00","984.90","999.90","3433927748.90","3441700","134100"
"151119","1008.20","1026.00","995.45","1002.85","2713176456.65","2687762","171721"
"181119","1004.90","1013.00","996.00","1000.05","2155044817.05","2144563","133424"
"191119","954.95","970.00","930.00","936.55","56918057098.50","60449782","397790"
"201119","940.00","948.70","936.10","939.70","2806381095.90","2976893","95009"
"211119","942.45","945.45","916.00","929.60","2464691249.95","2642185","85734"
"221119","931.00","945.75","931.00","942.65","2935615544.85","3125980","121081"
"251119","943.50","954.40","943.50","951.60","3423778274.60","3604001","224120"
"261119","957.40","977.95","937.85","958.95","41629424060.75","43473998","368973"
"271119","964.00","965.20","943.20","948.20","1464606956.70","1542111","118504"
"281119","953.85","972.70","948.20","971.15","1818180543.30","1885171","81757"
"291119","970.00","970.00","955.05","960.05","1029702175.90","1071258","71325"
"021219","959.15","959.15","938.30","943.85","609568487.85","643539","54821"
"031219","946.10","966.00","946.10","963.40","1543713511.75","1612054","84934"
"041219","962.80","975.00","960.05","972.25","1089043701.10","1122303","43432"
"051219","969.00","974.50","955.00","966.40","785455737.35","814043","35649"
"061219","971.00","974.00","945.20","964.20","1184181657.10","1235405","67858"
"091219","964.80","964.80","938.40","942.00","819090829.50","861577","44024"
"101219","950.00","968.00","947.00","949.85","1538796948.25","1610114","70175"
"111219","950.00","971.95","924.50","966.55","1538273195.50","1616587","86753"
"121219","971.00","971.00","955.65","960.40","829094033.65","862822","53713"
"131219","964.90","982.70","963.25","974.90","1093188987.55","1119572","50600"
"161219","973.80","979.80","963.90","969.55","510773228.90","526157","47038"
"171219","975.00","978.45","968.00","972.55","799722247.90","822269","59389"
"181219","975.00","976.60","959.00","964.75","606747907.35","628845","29735"
"191219","968.60","975.05","965.45","969.75","878969164.35","906299","37800"
"201219","972.00","1008.05","972.00","992.75","10135360537.55","10219499","77641"
"231219","1002.00","1011.70","987.55","996.80","1350834898.15","1347986","36322"
"241219","998.00","999.90","985.00","994.75","710382706.60","716972","27208"
"261219","998.25","999.70","988.10","991.00","333831615.15","335933","22160"
"271219","988.00","991.50","977.55","988.65","430956857.30","438117","26039"
"301219","988.90","991.45","972.80","976.35","382006669.45","390678","26321"
"311219","976.00","980.00","958.15","961.60","391060922.50","403539","26963"
"010120","965.00","980.00","961.60","976.40","339182868.25","349251","12529"
"020120","975.70","975.70","966.00","969.35","325426941.10","335765","19727"
"030120","970.00","982.80","969.00","975.10","439949256.00","451217","30280"
"060120","966.10","1003.10","958.00","983.10","880489910.60","895840","47128"
"070120","990.00","1003.00","980.00","984.90","564614253.35","570304","41261"
"080120","978.00","992.30","975.20","987.75","362654735.00","368547","30370"
"090120","996.80","998.00","979.75","988.50","607578876.75","614382","38413"
"100120","989.00","997.00","983.30","989.00","347644375.05","351231","21548"
"130120","993.00","997.95","980.00","989.85","328273697.55","332236","22764"
"140120","993.00","994.00","984.00","987.80","365382556.05","369532","34353"
"150120","988.00","1002.00","981.00","998.15","529630813.80","533340","26025"
"160120","1000.00","1003.00","992.00","999.90","464828878.65","465355","34429"
"170120","999.80","1009.80","985.25","996.35","370607578.75","372188","25450"
"200120","1000.00","1001.00","975.50","981.50","336550081.50","341082","27166"
"210120","980.00","987.00","970.20","972.75","346401810.00","355550","35107"
"220120","980.00","992.60","972.00","981.70","1277659342.25","1299987","51797"
"230120","985.40","1004.00","980.20","985.95","1140808725.00","1151390","36265"
"240120","986.00","1020.00","977.00","999.80","1388742107.55","1388247","55074"
"270120","999.80","1014.70","987.35","992.15","742441612.50","740311","25400"
"280120","993.00","1007.00","975.75","987.85","576150886.50","578382","36769"
"290120","992.00","1012.15","988.00","1007.80","539087689.25","538017","36392"
"300120","1014.00","1017.00","989.30","998.25","564104588.55","561770","33220"
"310120","1005.00","1006.00","983.15","994.10","443233325.70","445170","25488"
"010220","998.00","1012.90","885.00","893.10","4051360251.35","4433306","122256"
"030220","895.00","921.85","856.65","912.65","3628490169.60","4046967","116130"
"040220","912.00","922.90","896.00","911.60","1822876523.70","2004591","104526"
"050220","913.60","915.80","898.50","910.55","1212722088.80","1337410","87980"
"060220","916.10","925.00","912.05","919.50","1088726070.70","1185756","38072"
"070220","920.00","955.45","915.55","947.30","1537101471.55","1642253","46721"
"100220","952.00","956.25","938.00","952.80","695197741.05","734151","21372"
"110220","960.45","960.45","935.80","939.75","551391926.15","584552","38074"
"120220","944.75","948.80","925.00","932.85","864467862.35","925589","32478"
"130220","937.00","937.00","916.00","927.55","509482702.20","551572","63176"
"140220","932.40","932.40","907.00","914.25","370141988.10","402685","37168"
"170220","915.50","919.45","904.00","914.40","325044891.50","355839","22896"
"180220","915.00","921.45","907.10","916.05","824933677.75","901858","50832"
"190220","918.10","942.45","918.10","938.20","730170943.25","786366","42631"
"200220","939.70","945.00","921.70","928.75","730311298.90","784552","48494"
"240220","923.60","941.50","910.00","916.60","457189657.90","493211","38343"
"250220","923.50","934.70","891.75","901.20","694890677.00","760359","37519"
"260220","893.80","914.80","881.50","891.35","722602248.25","807168","37382"
"270220","890.80","913.90","875.00","905.35","737575397.65","821122","64038"
"280220","886.00","895.00","875.00","890.40","890561288.50","1002851","47086"
"020320","895.15","909.00","878.00","894.15","566274972.25","629219","44837"
"030320","903.05","914.00","892.05","899.85","556394965.35","615494","45467"
"040320","902.90","912.00","877.00","885.10","687628118.40","769392","87983"
"050320","891.35","901.45","876.55","884.45","899368679.05","1014502","70579"
"060320","865.00","881.50","848.30","853.95","1244432008.30","1436479","50206"
"090320","836.20","861.90","803.00","825.30","1184927849.30","1424660","62517"
"110320","819.00","847.90","784.15","808.95","1080719974.05","1305970","84901"
"120320","761.00","775.70","700.00","751.70","1565148501.25","2111588","105352"
"130320","665.00","795.00","625.10","761.95","1564320563.10","2077233","91447"
"160320","701.00","772.85","661.60","731.55","1168871072.65","1588592","87963"
"170320","732.00","768.50","675.00","687.00","1002491369.00","1398543","82853"
"180320","695.05","696.95","588.15","596.25","1370820155.00","2202109","98804"
"190320","565.00","619.90","519.40","607.70","1677324115.55","2917031","137696"
"200320","627.00","680.75","606.00","633.50","1276608509.90","2004934","77135"
"230320","569.95","617.00","522.20","539.20","943769351.35","1652165","58806"
"240320","551.40","589.95","535.00","546.25","629317676.95","1108855","55557"
"250320","530.00","630.00","530.00","587.85","951339948.00","1610709","73725"
"260320","603.50","665.00","595.35","618.15","1035543823.10","1629673","70307"
"270320","636.20","657.00","585.00","602.85","803398818.95","1299441","57516"
"300320","598.90","634.50","575.00","622.00","806632253.35","1301706","50750"
"310320","638.00","653.70","624.15","641.00","696036970.00","1087567","55126"
"010420","641.90","659.00","628.00","635.10","626316076.75","971706","44115"
"030420","648.00","665.00","627.30","650.15","829644469.15","1279330","73454"
"070420","665.00","748.30","653.00","735.30","1347305690.35","1916865","79023"
"080420","741.90","795.00","721.00","742.80","1082656773.55","1443642","92959"
"090420","755.00","773.95","735.05","739.45","513761862.60","683532","44967"
"130420","745.00","749.95","700.00","707.75","545517454.20","760455","36589"
"150420","720.00","724.95","695.10","700.90","870595149.00","1232607","78105"
"160420","690.00","698.00","681.10","685.25","938727882.00","1363991","77637"
"170420","703.55","721.00","687.00","702.45","1249291743.90","1777651","67795"
"200420","703.00","712.15","697.00","700.00","955777622.70","1360101","52534"
"210420","688.00","691.15","667.00","671.30","460512542.15","677457","59261"
"220420","685.90","709.00","675.00","704.80","659038632.90","954061","41469"
"230420","712.00","732.50","709.00","717.65","880896821.10","1219244","46775"
"240420","701.00","706.85","676.00","679.15","699704802.65","1016020","70074"
"270420","694.75","727.00","688.15","714.10","2335162578.35","3275857","122864"
"280420","724.00","728.00","706.55","719.85","718279729.60","1002540","34767"
"290420","723.00","723.00","708.40","713.35","454333344.90","635076","38369"
"300420","735.20","741.00","716.85","726.85","1397699109.55","1925414","68926"
"040520","710.00","726.00","675.50","687.65","1000455979.20","1418027","57507"
"050520","705.00","734.70","698.20","713.55","3103934081.10","4312790","131025"
"060520","716.95","749.00","706.00","731.15","2679158167.30","3664835","118489"
"070520","737.00","742.50","723.50","735.15","986262162.50","1345672","50795"
"080520","742.00","768.85","738.50","760.05","1781425319.65","2349887","109137"
"110520","770.95","770.95","744.85","750.50","1133631179.75","1498957","59663"
"120520","747.00","755.60","735.10","744.60","834044096.50","1116023","65558"
"130520","765.25","780.00","752.95","760.50","1334778753.50","1752465","62126"
"140520","756.80","770.50","741.10","746.75","747045829.30","987397","51522"
"150520","754.45","754.45","742.20","751.95","773076878.90","1032406","42251"
"180520","750.00","750.00","694.45","700.75","1208814222.15","1705994","86569"
"190520","709.00","720.00","698.00","702.95","1057946668.20","1496673","58306"
"200520","701.00","717.70","700.00","715.80","914999329.45","1289104","70801"
"210520","717.80","742.95","716.05","730.40","1022956934.60","1400398","59191"
"220520","732.00","744.00","723.50","729.95","1105810513.95","1507478","33900"
"260520","735.00","756.00","731.40","754.45","827343178.75","1110990","56461"
"270520","752.00","754.40","737.20","741.15","508807545.20","682804","28495"
"280520","745.00","754.75","740.00","748.10","846150197.15","1134155","57648"
"290520","747.95","783.00","745.40","768.65","5448261708.00","7090368","118254"
"010620","776.00","780.95","765.90","774.80","1328378727.90","1712849","58496"
"020620","783.80","791.00","774.30","779.50","1086558036.30","1388839","44102"
"030620","789.00","814.80","784.50","807.10","1733154450.75","2163349","62109"
"040620","809.75","820.50","788.80","794.80","1123647079.20","1404467","57707"
"050620","798.90","805.25","782.90","796.70","951534762.40","1199794","45672"
"080620","802.00","808.00","776.00","779.30","1086193273.15","1371775","44777"
"090620","782.10","789.00","752.50","758.50","1176448879.85","1521254","53607"
"100620","759.00","760.00","739.70","741.70","1703647010.75","2283059","74569"
"110620","740.00","757.60","735.00","740.90","983045668.10","1314358","42458"
"120620","730.00","760.90","728.75","750.45","3297285945.25","4396304","69597"
"150620","747.90","754.80","740.65","745.30","2475559578.20","3316726","63715"
"160620","751.00","770.70","742.40","764.10","1424925101.60","1883911","47833"
"170620","766.05","779.50","764.20","772.05","1497640955.30","1936475","56581"
"180620","769.40","786.40","767.60","771.60","739307881.05","951550","40811"
"190620","779.00","780.85","767.20","775.85","2257028218.80","2912093","60720"
"220620","781.10","790.40","761.50","777.95","902021345.45","1164278","56366"
"230620","777.00","805.30","777.00","796.65","1197285080.50","1506742","72563"
"240620","800.65","810.00","775.55","780.75","1350057873.95","1699063","72402"
"250620","778.00","792.95","775.10","786.25","577246023.25","735191","29276"
"260620","791.10","802.00","782.00","784.35","778743684.05","986163","35800"
"290620","780.00","789.85","774.30","786.80","466722075.05","597371","24214"
"300620","789.00","811.00","789.00","806.45","1641055424.65","2052551","57732"
"010720","814.95","819.85","802.00","805.25","1069756159.55","1321001","49018"
"020720","802.15","819.35","802.15","814.05","874767069.70","1075581","34404"
"030720","821.00","846.00","819.35","844.05","1743144140.60","2085481","79325"
"060720","853.00","875.00","851.40","863.50","1587624567.50","1836462","59483"
"070720","867.00","874.80","853.65","868.65","955669438.75","1104403","51330"
"080720","870.00","871.90","846.10","850.75","1442513067.20","1688304","69584"
"090720","851.00","853.90","835.05","840.25","992757282.60","1180400","49564"
"100720","850.00","871.90","850.00","860.20","1773684015.00","2062806","78230"
"130720","867.85","867.85","848.15","862.95","572922214.40","668675","27059"
"140720","861.90","886.50","856.10","859.75","1339058740.05","1535948","46007"
"150720","863.00","870.50","852.35","855.85","664766859.10","772942","25044"
"160720","856.05","869.50","851.25","865.20","543885340.35","630572","30593"
"170720","868.15","881.85","862.55","875.20","1073926972.30","1228862","34024"
"200720","879.05","888.10","851.00","854.45","1297248040.25","1497335","50109"
"210720","864.00","895.95","844.00","888.35","4055675117.00","4650708","119004"
"220720","892.50","892.75","856.10","859.20","1523693376.90","1757469","63710"
"230720","861.80","880.00","859.20","877.80","816087558.25","937554","28771"
"240720","873.90","877.00","863.00","867.40","681834347.30","784968","22546"
"270720","874.90","882.20","856.20","867.45","1168158709.95","1342667","45289"
"280720","865.00","888.90","863.35","883.35","883493987.30","1005543","37511"
"290720","874.55","890.00","874.55","881.10","825856217.40","935033","27543"
"300720","887.85","916.00","881.65","913.55","2189671319.40","2422599","71967"
"310720","921.75","921.75","903.60","912.85","1160617468.75","1271276","46057"
"030820","911.00","911.00","872.60","875.10","1142085649.60","1291032","50742"
"040820","881.10","882.50","868.00","875.80","620075254.95","707018","31099"
"050820","876.80","880.65","858.45","860.90","1184101068.45","1364745","69334"
"060820","868.70","878.00","859.45","875.40","787716496.05","907558","27246"
"070820","879.90","883.85","862.15","868.60","720191621.00","827168","33017"
"100820","880.00","882.00","861.80","865.75","947533386.15","1090544","62455"
"110820","868.00","878.00","857.50","860.60","841190032.40","971872","40165"
"120820","860.60","868.50","851.00","856.90","917995798.05","1068002","45394"
"130820","860.90","868.00","855.10","861.50","575331184.90","666359","26870"
"140820","866.90","866.90","828.70","839.30","1604539413.20","1897747","63487"
"170820","845.00","847.15","838.20","842.35","1208920843.95","1435985","49806"
"180820","845.95","864.75","844.60","860.45","1004237291.75","1170823","33090"
"190820","860.65","875.60","860.45","863.65","1158971922.65","1332731","32909"
"200820","861.00","864.75","849.00","852.85","565158985.70","660138","43403"
"210820","881.05","889.80","859.00","861.25","3196946132.75","3651529","104290"
"240820","866.80","869.90","851.60","860.85","818279509.00","951781","42702"
"250820","862.35","865.95","837.85","847.90","1590051005.15","1877997","102436"
"260820","855.00","855.00","833.65","839.20","1802873998.90","2151697","93237"
"270820","843.95","845.80","835.10","841.25","793665183.90","945124","27663"
"280820","846.00","858.70","843.05","851.55","1393498971.75","1640203","60832"
"310820","855.50","864.00","818.55","827.75","1750352022.25","2086202","96292"
"010920","825.00","840.00","818.05","835.90","955595626.90","1148611","43280"
"020920","843.00","865.00","841.30","850.30","1717092611.60","2006969","68573"
"030920","853.90","863.75","851.00","852.30","759995528.95","888552","28363"
"040920","842.00","845.80","833.00","834.55","896246929.95","1069706","36088"
"070920","835.50","842.00","826.00","838.45","676034626.55","808907","29786"
"080920","840.95","850.85","830.20","845.00","1213714571.95","1438741","31969"
"090920","837.75","843.50","822.00","830.50","1397492626.65","1685144","39636"
"100920","833.90","848.00","833.10","845.20","555539835.20","659109","21289"
"110920","846.00","866.90","843.75","864.40","1339569180.10","1559677","63694"
"140920","871.00","876.00","850.00","857.10","1163311535.80","1346301","48030"
"150920","861.30","871.00","853.05","864.70","625643727.45","725017","28844"
"160920","865.00","873.50","861.30","867.65","715588820.00","823952","31904"
"170920","858.40","866.40","852.55","856.15","525128949.65","612366","19446"
"180920","856.95","861.80","845.05","848.10","1057841752.35","1245818","33678"
"210920","849.00","851.80","835.60","840.10","737406766.05","875668","43366"
"220920","840.00","840.00","801.60","831.85","1042270500.10","1265561","41867"
"230920","833.35","841.50","827.15","833.00","523728728.45","628823","22956"
"240920","830.60","832.15","782.35","804.40","11913238330.25","14778958","190733"
"250920","796.00","813.50","780.00","797.05","1798162064.50","2252162","67374"
"280920","803.00","816.25","800.00","813.00","896470023.40","1108316","28171"
"290920","819.00","831.40","802.10","809.10","1359558105.65","1666688","43216"
"300920","809.40","814.55","802.40","811.45","568044089.00","701139","28799"
"011020","817.00","824.95","807.65","818.90","770647663.15","941061","31111"
"051020","822.00","835.00","815.00","824.95","664557907.05","803756","28200"
"061020","826.00","836.00","822.25","830.05","1005947762.25","1211894","40772"
"071020","832.50","836.00","825.05","827.95","528104461.35","637358","29632"
"081020","835.25","836.00","818.00","821.05","1080532089.25","1313341","52469"
"091020","826.15","827.30","803.50","805.90","962490990.10","1188895","46243"
"121020","812.90","812.90","787.20","791.65","872226966.90","1097167","35985"
"131020","790.00","795.00","781.00","786.55","897590630.15","1142720","50062"
"141020","788.00","813.65","776.65","810.60","1715488992.45","2146423","78791"
"151020","810.60","821.80","801.75","804.75","1560056450.00","1920570","68900"
"161020","802.00","811.00","796.65","799.55","548150962.75","683003","29109"
"191020","800.50","808.55","795.00","798.30","528952103.95","661678","22317"
"201020","809.25","809.25","790.00","800.75","1288275315.05","1616359","72604"
"211020","801.00","804.00","780.80","785.35","1397241680.05","1763644","94758"
"221020","788.30","788.30","771.30","780.80","1446824002.45","1861965","85876"
"231020","783.15","789.75","767.00","770.70","1740713421.95","2252467","78862"
"261020","775.00","784.90","765.10","778.85","2045824462.05","2638356","114515"
"271020","791.00","791.80","771.10","774.45","2000414479.20","2566509","106706"
"281020","777.00","778.20","766.00","771.00","892659063.65","1156191","68258"
"291020","764.45","773.00","755.25","761.50","859759411.75","1126691","45649"
"301020","761.50","775.70","757.30","769.15","887471230.90","1156854","63415"
"021120","771.00","778.50","762.20","766.05","686866275.35","891886","45749"
"031120","773.55","797.80","769.15","788.90","1212265146.10","1542962","61849"
"041120","796.75","796.75","783.80","791.00","728641728.05","923658","41080"
"051120","797.00","806.80","793.00","805.00","1103429642.10","1373458","95130"
"061120","805.45","808.90","795.00","801.25","1378864633.00","1722728","67149"
"091120","808.00","817.85","801.70","808.15","1015565985.25","1255422","65345"
"101120","816.20","832.90","811.35","829.40","1225449279.40","1490688","66312"
"111120","833.00","847.00","831.60","839.55","1531516904.50","1822930","67827"
"121120","840.00","844.40","825.10","837.75","838316101.35","1003690","29601"
"131120","837.75","838.95","824.10","831.85","683449165.75","824124","34062"
"141120","844.70","844.70","836.15","840.45","157755046.15","187698","9948"
"171120","841.00","866.90","836.30","863.15","1826100637.15","2140176","61260"
"181120","863.75","868.70","846.80","857.95","828499496.15","968393","49516"
"191120","854.80","862.80","838.00","846.75","1246510942.20","1466056","45585"
"201120","848.80","850.00","835.00","845.45","819006579.65","971981","30182"
"231120","847.20","854.40","830.00","831.60","1394590655.30","1668966","60154"
"241120","831.95","840.00","831.95","838.95","731764521.55","874577","56969"
"251120","846.05","864.65","844.00","849.05","2054907859.55","2407145","91202"
"261120","853.30","858.65","848.30","851.50","1528561597.60","1791878","56541"
"271120","855.00","857.60","841.00","846.05","1954910049.00","2310173","55414"
"011220","849.90","855.00","840.20","851.35","873173387.65","1027637","60515"
"021220","853.00","879.25","850.30","875.55","1813663990.95","2097626","89512"
"031220","880.00","881.00","851.40","858.15","3275843435.65","3804064","136134"
"041220","865.10","871.00","856.45","863.00","1428420703.50","1654173","67777"
"071220","863.50","866.00","848.00","851.75","1841079862.35","2151322","137326"
"081220","854.80","859.50","848.20","853.80","2108120315.80","2473148","116165"
"091220","858.00","864.00","854.80","858.00","1558882214.05","1813714","126052"
"101220","861.00","862.90","855.00","856.05","1977803396.20","2302834","96600"
"111220","860.90","862.80","845.40","849.70","1653645896.25","1939950","81345"
"141220","855.00","858.30","848.05","850.20","1010533636.30","1186967","80285"
"151220","851.20","858.45","842.05","856.20","1742912970.20","2044843","52579"
"161220","861.20","861.50","850.50","857.50","1383958958.45","1618300","79202"
"171220","857.50","865.90","851.60","856.35","1416323358.20","1650113","90779"
"181220","859.00","864.00","852.80","857.15","1258985929.55","1469894","77551"
"211220","858.00","864.00","832.55","840.85","1903618819.70","2239781","84283"
"221220","840.85","855.60","825.20","853.95","1904481575.55","2263176","66094"
"231220","855.50","859.00","847.65","854.95","1309306051.35","1535665","69594"
"241220","857.90","879.70","851.25","873.90","2322410226.90","2659479","68635"
"281220","882.90","904.50","877.50","901.65","3756720009.65","4187861","102271"
"291220","906.95","908.95","890.30","899.30","1650273813.35","1834129","61986"
"301220","902.00","911.00","890.80","902.95","1778836257.30","1969826","64813"
"311220","902.00","907.30","894.25","904.25","1013185972.50","1123846","26721"
"010121","903.00","907.05","894.00","895.40","716046633.10","798399","23700"
"040121","900.00","917.00","894.50","911.40","929459397.70","1028233","29430"
"050121","906.45","919.90","899.00","905.55","1095675813.70","1209912","62275"
"060121","906.55","915.00","901.00","910.30","1104871177.40","1214878","34535"
"070121","916.20","916.50","904.25","914.15","1011789689.70","1109459","46394"
"080121","920.00","954.50","918.00","935.50","4164061300.85","4436263","125721"
"110121","940.00","952.50","926.85","936.25","2021822391.25","2146652","52111"
"120121","934.80","936.00","921.55","925.00","1457651877.25","1573331","54750"
"130121","927.50","949.00","922.50","926.55","1869710853.55","1996557","47434"
"140121","930.10","931.85","918.50","925.15","665854212.75","719918","33051"
"150121","925.15","929.80","903.40","910.25","671658689.20","733660","27162"
"180121","899.00","907.20","883.20","892.90","838260042.15","936905","29450"
"190121","890.50","918.00","890.50","904.40","1291289564.80","1420092","42873"
"200121","905.10","910.90","895.00","896.75","1034413139.10","1147187","43276"
"210121","907.80","907.80","875.00","878.30","1698189526.00","1913821","58071"
"220121","885.50","885.70","838.00","862.55","2956097155.60","3421388","139665"
"250121","865.90","882.75","853.00","862.85","2203865401.40","2534590","69325"
"270121","865.30","885.00","859.10","881.75","2406597784.10","2745728","118122"
"280121","883.00","884.35","868.85","872.55","1622824608.75","1855486","75530"
"290121","876.55","883.05","858.05","864.45","1994727386.60","2286478","86951"
"010221","875.00","897.00","852.05","874.50","2724470776.30","3099408","90448"
"020221","888.00","890.00","857.95","865.35","2418481727.60","2781083","66482"
"030221","870.00","879.95","858.35","866.15","1640327999.65","1883217","75537"
"040221","866.15","870.70","859.00","863.90","1808537202.60","2094974","67617"
"050221","866.75","870.00","853.65","864.20","1521067271.30","1766235","65549"
"080221","865.00","871.70","857.00","859.10","1639294258.00","1899676","74475"
"090221","869.00","895.00","863.00","888.70","3816176999.30","4311868","130595"
"100221","898.00","915.25","894.00","911.35","4534581525.75","4993209","121901"
"110221","909.80","921.90","905.55","907.35","1993969439.25","2184819","62777"
"120221","908.00","913.50","893.45","896.85","891283076.25","984794","30879"
"150221","898.00","901.15","875.00","877.25","1514377433.65","1715171","65973"
"160221","877.25","888.30","869.00","872.00","1434342824.25","1634864","45476"
"170221","870.00","883.15","870.00","877.15","1314815105.25","1496973","34902"
"180221","880.10","898.85","878.70","893.50","2128566107.40","2387930","105944"
"190221","898.40","899.15","874.25","881.50","993741782.20","1120800","29696"
"220221","880.00","885.00","845.10","849.05","1555914733.90","1810985","57921"
"230221","853.00","874.40","849.00","869.70","1280515395.95","1480977","46526"
"240221","870.10","875.90","852.70","871.55","593088105.80","683427","28894"
"250221","873.20","882.90","869.70","872.40","1653452875.10","1885254","49795"
"260221","860.00","878.95","858.05","866.90","2285781951.75","2636891","73363"
"010321","860.00","879.00","852.20","876.40","2284306142.15","2648545","52594"
"020321","876.75","886.00","870.50","879.15","1391350204.40","1583910","51328"
"030321","888.00","910.00","883.50","906.45","1912317949.95","2127137","68703"
"040321","899.70","924.80","892.40","915.90","2879068010.00","3140379","58760"
"050321","910.00","915.00","894.95","903.55","1146976417.55","1268992","58550"
"080321","903.60","930.65","901.70","923.85","1279993778.30","1396479","54919"
"090321","950.00","983.75","939.00","971.30","10672330087.70","11031435","274030"
"100321","973.70","974.00","936.00","940.75","2247301713.45","2362998","69981"
"120321","905.05","936.30","905.00","914.20","26605439295.90","28967831","311829"
"150321","921.00","926.75","902.00","920.00","4198562542.70","4581841","80774"
"160321","918.45","923.90","911.00","914.05","1303406097.95","1422174","49302"
"170321","923.90","923.90","885.20","888.95","3427334364.30","3809803","108325"
"180321","895.00","898.00","882.30","890.45","2365510766.70","2657918","92379"
"190321","887.95","909.95","882.30","906.70","2558290126.35","2849173","85533"
"220321","905.00","909.25","895.35","900.20","1495287700.65","1660688","73156"
"230321","904.80","910.85","895.00","898.90","1480850032.55","1642691","78599"
"240321","893.00","895.00","875.05","880.70","1676257881.90","1900721","79935"
"250321","875.10","884.30","861.00","864.10","2367007375.80","2711471","111624"
"260321","870.00","876.90","868.10","873.95","1042230398.65","1194885","43704"
"300321","876.00","881.00","868.00","872.15","1115923107.65","1276847","50495"
"310321","876.00","890.90","870.95","880.85","1704109007.20","1929013","56764"
"010421","881.60","890.05","876.50","883.45","1054203960.60","1193426","66595"
"050421","885.00","887.00","864.80","872.55","950758950.75","1091002","41719"
"060421","872.80","903.00","865.95","897.55","1198434585.60","1351799","48763"
"070421","901.00","921.00","898.25","918.50","2615912245.15","2860132","77247"
"080421","921.40","921.40","905.00","908.50","1226216758.95","1342782","42709"
"090421","904.60","915.95","900.20","910.10","1221449957.80","1344813","43886"
"120421","900.65","905.40","868.50","872.45","1306196347.25","1485108","46257"
"130421","881.45","900.75","874.75","897.80","1040484802.70","1174856","34636"
"150421","895.00","912.00","890.00","908.70","1315532836.85","1464475","36075"
"160421","917.00","919.55","905.60","914.20","1199082074.25","1310422","38664"
"190421","897.20","909.90","888.50","906.25","1422474227.05","1580387","46175"
"200421","917.00","931.10","895.35","898.95","3289324022.00","3593124","125244"
"220421","900.00","920.65","895.05","914.40","1817804165.45","1988641","46717"
"230421","896.35","941.90","896.35","922.85","3353064354.80","3601606","87117"
"260421","919.15","946.90","916.00","942.50","3522867941.05","3751088","66202"
"270421","946.00","946.80","925.00","928.75","1791849355.40","1926977","86694"
"280421","934.00","934.00","914.15","930.40","1760971967.25","1904945","62032"
"290421","930.40","935.00","921.30","928.20","770501861.20","830577","34189"
"300421","928.00","940.50","919.80","928.70","1236636325.00","1326833","52519"
"030521","921.95","980.00","916.05","958.60","5171075169.75","5424609","130711"
"040521","998.00","1005.00","942.55","982.90","10313572891.65","10515809","221039"
"050521","989.95","1019.80","965.00","973.10","5416034760.25","5475550","159239"
"060521","977.30","983.45","961.20","969.40","1745879212.45","1800692","60446"
"070521","1030.00","1044.70","974.40","1000.25","11006918217.45","11010394","207971"
"100521","1009.30","1017.50","995.00","1005.00","2384974968.55","2370879","67497"
"110521","998.00","1015.00","990.50","1000.95","1303933974.55","1297672","36794"
"120521","995.55","1000.90","970.00","972.90","3435191902.70","3513520","85418"
"140521","972.95","982.00","965.00","978.40","1296940990.40","1331063","38722"
"170521","978.40","988.80","961.20","963.65","2113694609.65","2181641","66486"
"180521","965.90","976.00","964.20","968.45","1300834754.25","1342840","41013"
"190521","968.45","979.90","963.00","978.05","1069996290.40","1101773","34950"
"200521","981.45","984.45","965.80","969.15","1427062012.80","1463348","37749"
"210521","968.10","975.70","965.25","969.25","1208479016.10","1245988","29912"
"240521","967.35","971.95","960.65","962.50","1775646407.55","1841255","50775"
"250521","967.00","972.60","963.15","965.30","1192758414.40","1235079","59326"
"260521","969.00","980.00","969.00","971.75","1676206188.80","1719675","55889"
"270521","976.50","986.00","965.55","982.10","2369352799.20","2428883","57852"
"280521","986.00","987.00","972.00","976.85","1114109573.55","1137566","32561"
"310521","977.00","982.80","970.65","975.65","765964808.75","785669","38696"
"010621","978.40","982.00","960.10","966.30","1375770308.05","1420625","51172"
"020621","965.00","993.45","963.40","984.40","2443840963.40","2488600","59738"
"030621","986.50","990.85","981.50","986.85","1700787443.75","1724751","55797"
"040621","994.95","994.95","984.00","989.15","985993987.30","996919","61924"
"070621","995.00","997.95","987.00","988.50","687138886.50","693875","34639"
"080621","988.00","988.00","963.00","979.85","3184806214.50","3262160","111284"
"090621","978.15","1007.00","978.15","998.60","3803584483.95","3809219","110768"
"100621","1005.00","1005.00","992.05","997.55","1039981259.25","1041345","40352"
"110621","998.90","1002.50","984.00","988.10","815848208.85","823207","37137"
"140621","988.10","992.75","971.35","986.15","506258346.30","514960","23915"
"150621","991.80","1003.75","980.85","995.85","1132796895.45","1137725","40032"
"160621","999.95","1003.85","988.35","991.80","830131092.90","833286","31254"
"170621","983.00","992.70","977.00","983.30","857713330.85","869613","41948"
"180621","1000.70","1000.70","956.75","982.55","1845507539.05","1888723","56255"
"210621","973.00","990.40","968.35","981.55","866021024.15","887943","31296"
"220621","982.00","1011.00","980.05","1007.00","2287281922.80","2289172","56603"
"230621","1010.50","1015.05","999.00","1000.55","1812783061.30","1802617","59987"
"240621","1000.10","1005.45","995.00","1002.15","932428920.45","932721","32286"
"250621","997.00","1017.55","991.40","1007.15","988013969.40","980203","36915"
"280621","1010.50","1019.70","998.00","1002.10","1117713828.25","1107325","45933"
"290621","1000.10","1017.30","995.25","999.40","2491524287.85","2486963","70998"
"300621","1002.40","1011.75","998.45","1008.15","783568133.65","777901","29245"
"010721","1009.00","1017.40","1002.60","1006.90","842865700.75","834379","23523"
"020721","1010.90","1010.90","996.05","1007.20","583122904.30","581097","33193"
"050721","1014.00","1014.95","1005.80","1009.85","436855013.05","431929","15397"
"060721","1010.95","1032.90","1006.10","1023.15","1736642519.30","1693798","59445"
"070721","1023.50","1027.00","1012.55","1014.40","905229086.05","888200","29662"
"080721","1010.75","1026.00","1002.10","1021.60","882930610.75","868890","22013"
"090721","1014.10","1028.00","1012.55","1019.60","948799591.25","930387","33331"
"120721","1019.70","1036.00","1018.95","1033.45","1337350523.65","1297301","35167"
"130721","1040.00","1056.50","1036.05","1052.65","2645960232.75","2525938","75992"
"140721","1050.00","1060.85","1047.00","1052.40","1685138172.40","1596046","38173"
"150721","1053.50","1064.95","1049.35","1052.95","839961680.15","796945","26224"
"160721","1054.00","1057.85","1047.10","1050.25","734450138.90","699003","38400"
"190721","1044.90","1050.25","1027.30","1037.85","669593764.70","643558","29775"
"200721","1037.25","1041.20","1012.80","1014.75","711697615.75","695099","38525"
"220721","1017.00","1038.80","1017.00","1026.00","943271758.70","915518","39460"
"230721","1025.50","1053.95","1023.55","1050.45","1351192459.20","1290998","47020"
"260721","1048.00","1104.90","1040.10","1076.65","2295876033.85","2151393","75601"
"270721","1098.00","1113.75","1063.00","1105.15","6671003160.85","6096747","148592"
"280721","1115.00","1138.80","1093.00","1133.40","4942182512.10","4409570","119403"
"290721","1133.00","1148.00","1124.05","1128.85","1770423319.25","1555904","55486"
"300721","1123.00","1123.00","1092.00","1098.60","1368199316.35","1238229","41660"
"020821","1111.05","1128.50","1101.95","1107.20","1760288232.10","1582968","67011"
"030821","1105.25","1134.90","1094.80","1131.70","1155982015.95","1033719","41873"
"040821","1130.00","1144.65","1125.00","1136.85","2090692457.00","1840302","86681"
"050821","1170.20","1175.70","1125.00","1134.75","7642984764.80","6687775","136770"
"060821","1140.00","1154.25","1127.45","1150.70","1890644584.15","1654283","48757"
"090821","1151.25","1156.00","1128.85","1136.45","1706383918.50","1491795","47330"
"110821","1130.00","1142.10","1113.10","1135.40","1647214347.10","1458158","89491"
"120821","1136.30","1150.95","1128.55","1134.05","1198741171.05","1054244","39586"
"130821","1132.00","1142.50","1131.05","1138.60","811349208.15","712776","38389"
"160821","1132.00","1144.50","1128.35","1139.10","545923309.00","479277","23177"
"170821","1138.00","1151.80","1123.55","1134.80","2265620315.30","1991904","55050"
"180821","1135.00","1146.40","1100.20","1114.05","3839240077.30","3428721","71214"
"200821","1114.05","1133.50","1100.50","1125.30","2374867418.15","2127671","69599"
"230821","1127.00","1140.95","1118.60","1135.45","1417565417.45","1251406","46266"
"240821","1140.00","1165.90","1130.65","1160.40","1389095691.00","1211218","56510"
"250821","1168.00","1171.65","1150.15","1156.15","1035953983.00","893931","34417"
"260821","1151.20","1164.50","1144.85","1151.80","950076170.50","823814","33619"
"270821","1154.80","1192.65","1145.30","1184.05","2912552883.40","2469538","73378"
"300821","1189.50","1199.00","1176.55","1180.70","2004487372.05","1690833","60336"
"310821","1180.70","1194.50","1171.65","1192.05","2042345621.60","1719768","42832"
"010921","1189.00","1222.80","1183.90","1220.50","2364916969.95","1955177","86608"
"020921","1229.80","1250.00","1224.20","1243.40","3054967972.70","2468599","86453"
"030921","1246.95","1253.65","1226.00","1244.15","1606296304.40","1295336","49279"
"060921","1245.00","1248.00","1233.50","1244.65","1448794463.10","1166873","29038"
"070921","1245.00","1253.35","1228.25","1238.75","1439147410.30","1164891","40996"
"080921","1246.05","1246.95","1211.95","1220.05","2338387825.35","1909087","58231"
"090921","1177.00","1199.65","1168.00","1173.20","11911462441.95","10115407","176069"
"130921","1179.05","1179.05","1153.35","1165.15","2761567006.20","2374250","106763"
"140921","1170.00","1174.00","1158.05","1170.90","1564207307.20","1338821","56652"
"150921","1170.90","1176.00","1165.50","1172.45","2196278728.05","1875092","74108"
"160921","1174.20","1187.00","1168.00","1184.90","3570400062.60","3028407","135595"
"170921","1203.00","1204.80","1183.45","1198.80","4954733262.30","4143024","126207"
"200921","1189.85","1198.70","1174.00","1177.50","2513726957.45","2117784","63162"
"210921","1189.00","1195.95","1170.90","1184.60","2505481496.90","2117913","88147"
"220921","1184.60","1203.55","1177.75","1191.30","1665141303.25","1399326","51212"
"230921","1224.00","1224.00","1198.50","1218.30","3218228852.30","2659260","74097"
"240921","1219.00","1238.55","1207.60","1222.05","2088277093.40","1703375","67906"
"270921","1229.95","1233.00","1208.85","1222.80","887206239.75","728019","33634"
"280921","1222.50","1229.15","1202.30","1210.30","1927170014.05","1588306","50316"
"290921","1206.00","1214.80","1196.80","1205.95","1953404605.55","1623118","70117"
"300921","1209.15","1219.00","1196.75","1215.10","1491085192.00","1234882","66625"
"011021","1204.00","1217.55","1199.40","1209.05","1001366210.90","830634","63049"
"041021","1211.00","1240.00","1206.05","1230.85","2043510694.10","1664614","59482"
"051021","1231.00","1267.50","1227.00","1261.95","2846036888.00","2282814","72538"
"061021","1273.00","1273.90","1205.40","1212.05","3250151021.80","2630744","101719"
"071021","1227.00","1234.20","1207.20","1215.05","3265366709.35","2674007","95536"
"081021","1224.95","1229.00","1191.95","1196.45","2010405180.90","1661548","83307"
"111021","1199.95","1218.50","1199.95","1206.10","996880423.55","822914","34180"
"121021","1209.00","1215.00","1198.15","1210.60","984946406.40","815338","42975"
"131021","1210.60","1218.65","1184.40","1191.75","1538355564.65","1281752","51027"
"141021","1192.95","1198.90","1173.80","1185.55","2469773905.80","2080766","102143"
"181021","1220.00","1220.00","1185.55","1192.50","1118239733.25","934860","39485"
"191021","1193.50","1215.90","1186.55","1193.45","1577199462.95","1313098","51507"
"201021","1199.00","1203.00","1155.90","1168.75","2422178784.90","2063277","56433"
"211021","1170.00","1184.45","1138.05","1158.30","2295692907.90","1985866","69423"
"221021","1168.00","1171.80","1141.70","1167.20","1288324081.80","1112991","54626"
"251021","1157.60","1166.95","1126.30","1129.70","2107435566.05","1843700","74416"
"261021","1135.00","1178.30","1134.00","1172.05","1828623431.55","1572647","65871"
"271021","1175.40","1202.05","1175.30","1186.00","2279680641.90","1916766","65192"
"281021","1210.00","1221.75","1158.10","1167.10","4209082896.00","3565017","105398"
"291021","1167.10","1180.00","1142.10","1145.55","1757234580.00","1518940","74754"
"011121","1148.00","1173.05","1138.55","1163.35","1127397515.25","972538","36315"
"021121","1163.35","1172.25","1155.30","1166.05","1350549569.55","1159884","53508"
"031121","1170.00","1198.40","1167.00","1178.80","2292936810.50","1941052","105696"
"041121","1189.95","1189.95","1172.55","1181.75","140691935.45","119047","6683"
"081121","1183.00","1202.10","1177.35","1200.65","1626450603.65","1361707","86527"
"091121","1212.00","1212.00","1192.40","1207.25","1831339045.75","1521269","55422"
"101121","1197.10","1204.80","1181.05","1183.75","1004298144.20","842679","44553"
"111121","1178.00","1192.10","1150.10","1153.20","1478238494.65","1271079","90472"
"121121","1154.00","1177.00","1147.60","1174.90","1494636059.00","1281030","65258"
"151121","1177.20","1179.50","1155.50","1159.90","770908154.45","662558","34655"
"161121","1169.90","1174.15","1150.65","1153.00","805604809.85","694696","34171"
"171121","1150.00","1196.95","1150.00","1187.20","3391990461.30","2862829","105853"
"181121","1190.00","1205.00","1178.50","1182.05","1816579982.25","1527355","64646"
"221121","1182.05","1189.65","1137.15","1150.65","894825889.60","772737","51834"
"231121","1143.60","1159.20","1131.55","1153.50","943515002.85","820238","49513"
"241121","1159.25","1181.35","1152.00","1163.75","1328314193.40","1136850","55804"
"251121","1157.75","1174.00","1152.50","1159.50","891576867.30","768462","54838"
"261121","1154.00","1154.00","1105.25","1130.35","2624316008.45","2315515","92256"
"291121","1112.00","1147.85","1103.75","1136.25","1268819577.40","1120859","54728"
"301121","1135.00","1167.90","1134.15","1160.55","2611736927.60","2253521","98379"
"011221","1160.80","1179.45","1155.50","1164.85","1446535761.05","1239348","66495"
"021221","1170.65","1190.00","1157.05","1188.05","1217089607.85","1030248","67456"
"031221","1177.00","1188.05","1163.70","1165.95","1557447297.70","1327943","78810"
"061221","1165.95","1179.00","1145.00","1148.50","1083259788.65","936271","58431"
"071221","1157.00","1162.45","1139.00","1159.15","2399207020.15","2090791","56453"
"081221","1165.00","1173.00","1158.60","1169.50","2692809752.70","2315306","66464"
"091221","1180.00","1184.95","1153.10","1161.35","1318881125.70","1136171","40281"
"101221","1161.00","1177.80","1156.80","1175.60","1107931999.00","949040","32002"
"131221","1182.00","1204.65","1178.00","1186.65","2610749418.00","2187282","71289"
"141221","1179.00","1192.90","1178.15","1188.55","1391285942.30","1171502","63932"
"151221","1188.55","1190.65","1162.30","1174.65","1007976814.95","857540","27189"
"161221","1178.50","1186.95","1160.15","1163.80","1164038930.00","993629","37051"
"171221","1156.00","1161.95","1137.00","1142.55","1125417011.85","982598","36599"
"201221","1139.50","1142.55","1100.60","1125.70","1497724205.25","1341693","69523"
"211221","1135.60","1141.45","1117.70","1135.25","993503457.35","878721","37948"
"221221","1139.35","1139.90","1118.95","1124.30","953592735.40","846447","45163"
"231221","1134.00","1134.00","1116.15","1125.45","1153179017.05","1026376","36220"
"241221","1130.80","1153.65","1126.00","1148.20","2212334287.20","1930715","61672"
"271221","1148.00","1165.05","1135.35","1161.95","920350858.45","798129","27061"
"281221","1165.30","1182.50","1161.60","1177.60","912555016.05","776910","32774"
"291221","1177.60","1192.20","1167.00","1185.65","1661571465.20","1400668","30594"
"301221","1183.90","1202.70","1180.90","1195.20","1596966204.15","1335116","45422"
"311221","1199.00","1204.95","1187.10","1196.00","1008223980.80","843128","38385"
"030122","1196.00","1214.45","1196.00","1209.40","1117893802.10","925281","52017"
"040122","1206.30","1227.00","1205.50","1220.60","1717620534.85","1409464","43541"
"050122","1215.00","1225.00","1213.75","1219.85","461099060.15","378090","25241"
"060122","1208.80","1228.45","1202.15","1205.60","1686784854.20","1387627","40297"
"070122","1208.00","1219.25","1206.00","1217.40","1275135279.55","1050768","39820"
"100122","1219.00","1240.70","1213.30","1229.10","1697095877.30","1379165","72071"
"110122","1230.80","1239.95","1224.10","1233.40","1214372259.30","985871","55126"
"120122","1240.00","1255.40","1231.15","1249.40","1708271427.30","1371034","44403"
"130122","1255.00","1261.00","1246.00","1258.70","1171458668.20","933511","67818"
"140122","1259.00","1272.25","1254.50","1263.60","1132784583.55","895522","41397"
"170122","1256.30","1293.25","1256.30","1287.95","1830374375.65","1427239","81191"
"180122","1287.95","1293.00","1263.10","1265.90","1107728585.40","869578","64978"
"190122","1263.00","1272.10","1240.60","1248.10","782789437.40","625670","42773"
"200122","1248.00","1255.65","1230.95","1238.70","888955025.90","716954","31405"
"210122","1225.00","1263.20","1201.00","1240.65","2976242926.45","2421446","68953"
"240122","1240.00","1240.00","1205.15","1225.00","1308934169.45","1073781","58647"
"250122","1212.10","1232.90","1210.25","1228.00","1326198263.90","1083251","72127"
"270122","1219.00","1221.90","1201.85","1211.65","2171244494.15","1793456","84464"
"280122","1210.00","1237.75","1201.00","1205.55","774596883.10","635096","34695"
"310122","1210.00","1238.40","1206.05","1233.25","2178796423.40","1771932","63249"
"010222","1250.00","1250.00","1202.60","1214.95","1952261981.40","1593083","96254"
"020222","1216.70","1227.55","1211.05","1220.10","1142306574.80","937000","53847"
"030222","1218.05","1220.00","1175.60","1185.20","1474168786.60","1236574","63601"
"040222","1194.00","1194.00","1165.15","1172.10","1006423156.35","856452","50444"
"070222","1161.80","1171.70","1131.90","1144.00","1740672648.90","1519928","63489"
"080222","1145.00","1149.00","1117.35","1131.15","1707867980.70","1511667","89744"
"090222","1132.00","1140.80","1118.00","1125.70","1961962954.40","1741687","74197"
"100222","1125.00","1150.00","1108.00","1146.25","2302375100.80","2030639","119252"
"110222","1144.85","1144.85","1124.00","1133.30","2204098146.50","1942394","77133"
"140222","1125.00","1127.00","1090.00","1096.30","2711814891.35","2448602","98845"
"150222","1096.00","1123.65","1086.20","1119.95","1377866581.05","1245681","66434"
"160222","1128.00","1131.50","1102.00","1122.15","1447774202.40","1294606","51417"
"170222","1128.00","1132.85","1111.90","1126.35","1327790748.35","1182862","61244"
"180222","1124.80","1160.90","1111.35","1150.50","1995253031.55","1734791","62766"
"210222","1145.00","1150.50","1123.00","1134.75","1161089138.05","1020384","38533"
"220222","1106.00","1126.50","1096.10","1100.95","2340073500.50","2115917","72230"
"230222","1108.00","1114.95","1098.70","1101.75","1921968852.40","1743770","46678"
"240222","1078.00","1091.50","1040.70","1054.20","2224642760.25","2088599","88563"
"250222","1060.00","1077.70","1049.00","1055.60","1501280988.25","1415912","78164"
"280222","1049.00","1062.80","1016.85","1060.15","1639837511.20","1566146","72153"
